Degree,Cols1,Rows1,Finger,Stage,Level,Bend,SG1_0,SG1_1,SG1_2,SG1_3,SG1_4,SG1_5,SG1_6,SG1_7,Cols2,Rows2,SG2_0,SG2_1,SG2_2,SG2_3,SG2_4,SG2_5,SG2_6,SG2_7
0,0,0,0,1,0,false,1.0034965,1.0174825,0.9968944,0.98753893,1.0031847,1.0030864,0.9934211,0.99346405,4,3,1.0173612,1.0291262,1.0254776,1.024735,1.0129032,1.0096463,1.0126582,1.0126183
0,0,0,0,1,1,false,0.93356645,0.9370629,0.93167704,0.8286604,0.6687898,0.6697531,0.79605263,0.6960784,4,3,1.03125,1.1035599,1.0923567,1.0671378,1.0129032,0.977492,0.9968355,0.9968454
0,0,0,0,1,2,false,0.9755245,1.006993,1.0031056,0.9190031,1.1242038,1.0679013,0.99671054,0.99346405,4,3,0.9861111,0.97411,0.9681529,0.99293286,1.0225806,1.0675241,1.050633,1.0347003
0,0,0,0,2,0,true,0.97202796,0.97902095,0.95652175,0.8847352,0.87261146,0.8425926,0.8815789,0.83006537,4,3,0.9895833,1.0064725,1.0095541,1.024735,1.016129,1.0321543,1.0348102,1.0315458
0,0,0,0,2,1,true,0.75874126,0.6503497,0.67391306,0.60747665,0.39490446,0.3271605,0.6743421,0.39542484,4,3,0.9826389,1.0906149,1.089172,1.0742049,1.0193548,0.9871383,1.0126582,1.0189275
0,0,0,0,2,2,true,1.1363636,1.1503496,1.0465839,1.1775701,1.0191083,0.9907407,0.99013156,0.9738562,4,3,0.90625,0.83495146,0.84076434,0.91519433,1.016129,1.0996784,1.0822785,1.0504732
0,0,0,0,3,1,false,0.7867133,0.6573427,0.68944097,0.58878505,0.40764332,0.32407406,0.67105263,0.42156863,4,3,0.9791667,1.0841424,1.0796179,1.0600706,1.016129,0.9903537,1.022152,1.0031545
0,0,0,0,3,1,true,0.73426574,0.5174825,0.67391306,0.5638629,0.2834395,0.2345679,0.5427632,0.34313726,4,3,0.9652778,1.0550162,1.0573249,1.0600706,1.0193548,0.9678457,1.0126582,1.0094637
0,0,0,0,4,0,false,0.90909094,0.8811189,0.9068323,0.88785046,0.8694267,0.8240741,0.8388158,0.8071895,4,3,0.9305556,0.9093851,0.9235669,0.9717314,1.016129,1.0578778,1.0696203,1.0378549
0,0,0,0,4,0,true,0.8321678,0.75174826,0.8074534,0.7601246,0.5063694,0.50308645,0.7105263,0.5392157,4,3,0.9375,0.98058254,0.9936306,1.0141343,1.016129,1.0385852,1.0601265,1.0410094
0,0,0,0,5,2,false,1.0,1.006993,0.99068326,1.0155764,0.9267516,0.91049385,0.93421054,0.9313725,4,3,0.9305556,0.8867314,0.8789809,0.9399293,1.0193548,1.0707395,1.0822785,1.0094637
0,0,0,0,5,2,true,0.97902095,0.951049,0.94720495,0.99688476,0.70382166,0.70987654,0.8059211,0.74509805,4,3,0.9513889,0.9644013,0.955414,0.9858657,1.0225806,1.0546623,1.0727848,1.0157728
0,0,0,1,1,0,false,0.94755244,0.9195804,0.93167704,0.9190031,0.79617834,0.7808642,0.8388158,0.8137255,4,3,0.9548611,0.9514563,0.955414,0.9858657,1.0258064,1.0546623,1.0727848,1.022082
0,0,0,1,1,1,false,0.96153843,0.9055944,0.91925466,0.97819316,0.77388537,0.7407407,0.7993421,0.74509805,4,3,0.9583333,0.99029124,1.0,1.024735,1.0290322,1.0482315,1.0696203,1.0347003
0,0,0,1,1,2,false,0.9055944,0.8566434,0.93167704,1.0031153,0.81528664,0.85493827,0.9309211,0.8856209,4,3,0.9375,0.89320385,0.89171976,0.94699645,1.032258,1.0900321,1.085443,1.0378549
0,0,0,1,2,0,true,0.9195804,0.9020979,0.9378882,0.9283489,0.8789809,0.8703704,0.88486844,0.86601305,4,3,1.0,1.0097088,0.99681526,1.0106007,1.0354838,1.0546623,1.0727848,1.0126183
0,0,0,1,2,1,true,1.0419581,0.9895105,0.9720497,0.97819316,0.6369427,0.5617284,0.7302632,0.50980395,4,3,0.9513889,1.0194175,1.022293,1.0318022,1.0354838,1.045016,1.0696203,1.0189275
0,0,0,1,2,2,true,0.8881119,0.8496503,0.91925466,0.96884733,0.8057325,0.8425926,0.8980263,0.8627451,4,3,1.0555556,1.1035599,1.044586,1.0176679,1.0258064,0.99678457,1.0348102,0.9305994
0,0,0,1,3,1,false,1.0,0.9195804,0.9378882,0.99065423,0.7579618,0.7345679,0.8059211,0.75490195,4,3,0.9895833,1.02589,1.0254776,1.0353357,1.0387096,1.0418006,1.0664557,1.0189275
0,0,0,1,3,1,true,1.0664335,1.0034965,1.0,1.0,0.64649683,0.55864197,0.7138158,0.45751634,4,3,0.9548611,1.0291262,1.0382166,1.0424029,1.0387096,1.0482315,1.0759493,1.0252366
0,0,0,1,4,0,false,0.9370629,0.88461536,0.93167704,0.9376947,0.8057325,0.7962963,0.8486842,0.8169935,4,3,0.9861111,1.0,0.99681526,1.0176679,1.0354838,1.0418006,1.0664557,1.0094637
0,0,0,1,4,0,true,0.8986014,0.8741259,0.91925466,0.95015574,0.8121019,0.80246913,0.8486842,0.8137255,4,3,0.9791667,0.99352753,0.98407644,1.0035336,1.0419354,1.0643086,1.079114,1.0157728
0,0,0,1,5,2,false,0.9230769,0.87762237,0.9409938,0.99688476,0.77707005,0.8302469,0.9177632,0.86928105,4,3,0.9791667,0.95469254,0.933121,0.9681979,1.0354838,1.0610932,1.0696203,0.9968454
0,0,0,1,5,2,true,0.90909094,0.8741259,0.92236024,0.9376947,0.8312102,0.8271605,0.87171054,0.8366013,4,3,1.0138888,1.0355988,1.0095541,1.0141343,1.0354838,1.0353698,1.056962,0.9842271
0,0,0,2,1,0,false,0.9440559,0.8881119,0.9347826,0.92523366,0.85350317,0.8271605,0.8684211,0.83986926,4,3,1.0069444,1.0291262,1.0127388,1.0212014,1.032258,1.022508,1.050633,0.9873817
0,0,0,2,1,1,false,0.93356645,0.8636364,0.93167704,0.9127726,0.85987264,0.8611111,0.8947368,0.8627451,4,3,1.0347222,1.0776699,1.0636942,1.04947,1.0354838,1.0160772,1.0474683,0.9873817
0,0,0,2,1,2,false,0.8951049,0.8041958,0.88509315,0.86292833,0.77070063,0.7345679,0.78289473,0.6993464,4,3,1.1111112,1.2135923,1.1687899,1.0989399,1.0387096,0.9678457,0.9968355,0.9495268
0,0,0,2,2,0,true,0.91608393,0.8006993,0.8540373,0.7943925,0.6751592,0.6203704,0.7269737,0.60784316,4,3,1.1215278,1.2524272,1.2038217,1.1166078,1.0354838,0.94212216,0.98101264,0.9400631
0,0,0,2,2,1,true,0.9370629,0.82167834,0.8416149,0.8068536,0.62738854,0.5555556,0.70394737,0.5620915,4,3,1.0902778,1.2394822,1.2038217,1.1236749,1.0354838,0.94212216,0.98417723,0.9432177
0,0,0,2,2,2,true,0.9055944,0.8041958,0.83229816,0.76635516,0.64012736,0.5802469,0.7105263,0.59150326,4,3,1.1180556,1.2556634,1.200637,1.1166078,1.032258,0.94212216,0.98101264,0.92429024
0,0,0,2,3,1,false,0.93356645,0.84615386,0.9254658,0.90342677,0.82165605,0.8055556,0.8519737,0.8039216,4,3,1.0347222,1.0776699,1.066879,1.0565372,1.0354838,1.0032154,1.0253165,0.9905363
0,0,0,2,3,1,true,0.9370629,0.8181818,0.85714287,0.8099688,0.6942675,0.6265432,0.7236842,0.60784316,4,3,1.0729166,1.1909385,1.1656051,1.1060071,1.0290322,0.96463025,1.0031645,0.96529967
0,0,0,2,4,0,false,0.94055945,0.8496503,0.89751554,0.8566978,0.7197452,0.69135803,0.77960527,0.7091503,4,3,1.0347222,1.0938511,1.0764331,1.0600706,1.0290322,0.99356914,1.022152,0.97791797
0,0,0,2,4,0,true,0.9370629,0.83566433,0.83229816,0.7757009,0.64649683,0.55864197,0.70394737,0.5588235,4,3,1.0694444,1.1974111,1.1687899,1.1060071,1.0290322,0.9614148,0.9968355,0.9589905
0,0,0,2,5,2,false,0.91608393,0.8006993,0.84782606,0.7757009,0.6242038,0.595679,0.72039473,0.5980392,4,3,1.0416666,1.1132686,1.0859872,1.0636042,1.0354838,1.0128617,1.0253165,0.99369085
0,0,0,2,5,2,true,0.92657346,0.83566433,0.83229816,0.7694704,0.656051,0.56790125,0.70394737,0.5686275,4,3,1.0763888,1.1941748,1.1624204,1.1024735,1.0290322,0.96463025,0.9936709,0.9621451
0,0,0,3,1,0,false,0.93356645,0.83916086,0.89440995,0.85046726,0.70382166,0.68209875,0.7763158,0.70261437,4,3,1.0277778,1.0841424,1.0732484,1.0600706,1.032258,1.0032154,1.028481,0.99369085
0,0,0,3,1,1,false,0.91608393,0.8321678,0.9161491,0.9096573,0.656051,0.69753087,0.8388158,0.74509805,4,3,1.0625,1.1003237,1.0700637,1.0565372,1.0419354,1.0482315,1.0443038,1.0189275
0,0,0,3,1,2,false,0.92657346,0.82167834,0.89440995,0.8598131,0.72611463,0.6944444,0.77960527,0.6993464,4,3,1.1041666,1.1812298,1.133758,1.0848056,1.0354838,0.99356914,1.006329,0.9747634
0,0,0,3,2,0,true,0.95454544,0.86713284,0.9037267,0.88785046,0.67834395,0.68209875,0.7993421,0.7254902,4,3,1.0763888,1.1359223,1.089172,1.0530035,1.0419354,1.0,1.022152,0.95268136
0,0,0,3,2,1,true,0.9440559,0.86013985,0.9130435,0.88785046,0.74840766,0.7345679,0.81578946,0.7745098,4,3,1.0694444,1.1359223,1.1146497,1.0742049,1.0354838,0.9903537,1.0189873,0.96529967
0,0,0,3,2,2,true,0.94755244,0.86013985,0.90993786,0.89096576,0.74840766,0.7345679,0.81578946,0.7745098,4,3,1.0694444,1.1359223,1.1146497,1.0777385,1.0387096,0.99356914,1.022152,0.96529967
0,0,0,3,3,1,false,0.94055945,0.86013985,0.9161491,0.89096576,0.7420382,0.7376543,0.81578946,0.77124184,4,3,1.0694444,1.1262136,1.0987262,1.0706713,1.0387096,0.9903537,1.0158228,0.96845424
0,0,0,3,3,1,true,0.93356645,0.83916086,0.9161491,0.88785046,0.7324841,0.7376543,0.82236844,0.76797384,4,3,1.09375,1.1521035,1.1146497,1.0777385,1.0451612,0.99678457,1.0158228,0.96845424
0,0,0,3,4,0,false,0.94055945,0.8566434,0.9161491,0.894081,0.7420382,0.7345679,0.82236844,0.76797384,4,3,1.0347222,1.0679612,1.0573249,1.04947,1.0387096,1.0064309,1.028481,0.98107255
0,0,0,3,4,0,true,0.9300699,0.83916086,0.9037267,0.87227416,0.72292995,0.7160494,0.8125,0.7352941,4,3,1.125,1.2233009,1.1560509,1.0777385,1.032258,0.9614148,0.98734176,0.9179811
0,0,0,3,5,2,false,0.93356645,0.84615386,0.9068323,0.88161993,0.7420382,0.72839504,0.80921054,0.74509805,4,3,1.0381944,1.0841424,1.0573249,1.0388693,1.032258,0.99678457,1.0158228,0.9589905
0,0,0,3,5,2,true,0.92657346,0.82867134,0.89751554,0.86292833,0.72292995,0.70987654,0.80263156,0.72875816,4,3,1.1388888,1.2491909,1.1783439,1.0883392,1.032258,0.9517685,0.98101264,0.9148265
0,0,0,4,1,0,false,0.94055945,0.8496503,0.9068323,0.88161993,0.7165605,0.70987654,0.80921054,0.748366,4,3,1.0416666,1.0809062,1.066879,1.04947,1.0354838,1.0032154,1.0253165,0.9747634
0,0,0,4,1,1,false,0.93356645,0.8706294,0.9285714,0.95327103,0.75159234,0.7777778,0.875,0.83006537,4,3,1.1666666,1.2168285,1.1210191,1.0459363,1.0419354,0.99356914,0.9968355,0.92113566
0,0,0,4,1,2,false,0.92657346,0.8566434,0.92236024,0.91588783,0.7834395,0.77160496,0.8388158,0.7875817,4,3,1.0416666,1.0809062,1.0700637,1.0636042,1.0516129,1.0257235,1.0443038,1.0031545
0,0,0,4,2,0,true,0.94055945,0.8566434,0.91925466,0.89719623,0.72611463,0.72839504,0.8256579,0.77124184,4,3,1.0798612,1.1262136,1.0828025,1.04947,1.0451612,1.0032154,1.0158228,0.9621451
0,0,0,4,2,1,true,0.94055945,0.85314685,0.90993786,0.88785046,0.68471336,0.7006173,0.81578946,0.75490195,4,3,1.0868056,1.1456311,1.0923567,1.04947,1.048387,1.022508,1.0253165,0.9621451
0,0,0,4,2,2,true,0.9440559,0.85314685,0.9130435,0.8753894,0.7197452,0.7160494,0.80921054,0.74509805,4,3,1.0381944,1.0744337,1.0573249,1.0424029,1.048387,1.0289389,1.0411392,0.9873817
0,0,0,4,3,1,false,0.93356645,0.8566434,0.92236024,0.9283489,0.7611465,0.7685185,0.8552632,0.8071895,4,3,1.1006944,1.1359223,1.0796179,1.0424029,1.0451612,1.0,1.006329,0.95583594
0,0,0,4,3,1,true,0.9370629,0.85314685,0.9161491,0.9096573,0.7006369,0.72530866,0.8355263,0.7777778,4,3,1.1180556,1.1747572,1.1019108,1.0459363,1.0419354,0.99678457,1.0031645,0.93690854
0,0,0,4,4,0,false,0.94055945,0.86013985,0.9254658,0.9127726,0.7898089,0.7839506,0.8486842,0.8039216,4,3,1.0347222,1.0550162,1.0350318,1.0353357,1.0419354,1.0160772,1.0253165,0.98107255
0,0,0,4,4,0,true,0.94055945,0.8636364,0.9254658,0.89719623,0.7834395,0.7685185,0.8388158,0.7908497,4,3,1.0381944,1.0582525,1.0414013,1.0353357,1.0419354,1.0160772,1.0316455,0.97791797
0,0,0,4,5,2,false,0.9300699,0.8636364,0.9161491,0.88785046,0.7898089,0.75617284,0.81578946,0.7614379,4,3,0.9930556,1.0291262,1.0318471,1.0424029,1.0451612,1.0353698,1.056962,1.0126183
0,0,0,4,5,2,true,0.9440559,0.8636364,0.90993786,0.8847352,0.6910828,0.7006173,0.8125,0.75490195,4,3,1.0868056,1.1391586,1.089172,1.04947,1.0354838,1.0032154,1.0189873,0.9463722
0,0,1,0,1,0,false,0.98349833,0.971246,0.975265,0.9533333,0.94699645,0.9400749,0.9619377,0.9411765,4,2,0.9903226,0.99335545,0.984985,0.9837133,0.99319726,1.0,0.996875,0.99346405
0,0,1,0,1,1,false,0.88448846,0.8626198,0.8692579,0.93,0.5335689,0.43820226,0.67128026,0.46691176,4,2,0.9967742,1.0996678,1.075075,1.0325733,0.99659866,0.99376947,0.990625,0.996732
0,0,1,0,1,2,false,0.8811881,0.90415335,0.8869258,0.93,0.819788,0.76779026,0.8546713,0.7977941,4,2,0.9032258,0.89700997,0.8978979,0.90879476,0.9047619,0.90342677,0.9125,0.9117647
0,0,1,0,2,0,true,1.0,0.99378884,0.9970588,0.95151514,0.9139073,0.8819444,0.9216301,0.875,4,2,1.007435,1.0134228,1.0181818,1.0199336,1.0150602,1.0237389,1.0214286,1.0334573
0,0,1,0,2,1,true,0.8084291,0.89751554,0.89705884,0.8545455,0.57284766,0.4861111,0.7178683,0.5101351,4,2,1.070632,1.1946309,1.1757575,1.1196014,1.0421686,1.041543,1.05,1.0669144
0,0,1,0,2,2,true,1.0574713,1.0745342,1.0558823,1.0393939,1.1258278,1.1215278,1.0783699,1.0912162,4,2,1.0334573,0.97315437,0.9757576,1.0166113,1.0481927,1.0623145,1.075,1.078067
0,0,1,0,3,1,false,0.8888889,0.8913044,0.85882354,0.8,0.5927152,0.5243056,0.7523511,0.6047297,4,2,1.0594796,1.1610738,1.1575757,1.1096345,1.0361446,1.0326409,1.05,1.0669144
0,0,1,0,3,1,true,0.75095785,0.91925466,0.9823529,0.91515154,0.33443707,0.32291666,0.61755484,0.3310811,4,2,1.0297397,1.1879195,1.1787878,1.1262459,1.0421686,1.0385756,1.05,1.0743494
0,0,1,0,4,0,false,1.1072797,1.1118013,1.0735294,1.0151515,1.0728477,1.0347222,1.0376176,0.9932432,4,2,1.1486989,1.1409396,1.1393939,1.1528239,1.1174699,1.1186943,1.1571429,1.1858736
0,0,1,0,4,0,true,1.065134,1.0776397,1.05,0.9787879,0.9701987,0.9201389,0.9655172,0.8885135,4,2,1.1301116,1.147651,1.1333333,1.1395348,1.1084337,1.115727,1.1464286,1.1710037
0,0,1,0,5,2,false,1.0881226,1.0962733,1.0705882,1.0181818,1.0562913,1.0208334,1.031348,0.9864865,4,2,1.133829,1.1442953,1.130303,1.1362126,1.1054217,1.1008902,1.1428572,1.1524163
0,0,1,0,5,2,true,1.1111112,1.1211181,1.0941176,1.060606,1.1158941,1.0902778,1.0689656,1.0608108,4,2,1.1152416,1.0771812,1.0636364,1.0963455,1.1084337,1.115727,1.15,1.1561338
0,0,1,1,1,0,false,1.0804597,1.0931677,1.0617647,1.0030303,1.0463576,1.0034722,1.015674,0.9628378,4,2,1.1115241,1.1040268,1.1030303,1.1229236,1.0993975,1.1008902,1.1392857,1.1598513
0,0,1,1,1,1,false,1.1072797,1.1086956,1.0705882,1.0060606,1.0993377,1.0555556,1.0438871,1.027027,4,2,1.1449814,1.1677853,1.1545454,1.1461794,1.0993975,1.074184,1.1107143,1.126394
0,0,1,1,1,2,false,1.072797,1.1149068,1.1058824,1.0848485,1.0231788,1.0208334,1.0062696,0.9121622,4,2,1.0855019,1.0503355,1.0333333,1.0730897,1.0993975,1.0949554,1.1321429,1.133829
0,0,1,1,2,0,true,1.0536399,1.0869565,1.0558823,1.0,1.0629139,1.03125,1.0219436,0.9662162,4,2,1.1226766,1.1208054,1.1030303,1.1196014,1.1024096,1.0949554,1.1357143,1.1449814
0,0,1,1,2,1,true,1.1800766,1.158385,1.1147059,1.0454545,0.9966887,0.9027778,0.96238244,0.9054054,4,2,1.1152416,1.1174496,1.1151515,1.1295681,1.1084337,1.0949554,1.1428572,1.1598513
0,0,1,1,2,2,true,1.065134,1.1024845,1.0794117,1.060606,0.90066224,0.9131944,0.97805643,0.8783784,4,2,1.1189591,1.1073825,1.0727273,1.0963455,1.1084337,1.1186943,1.1571429,1.1486989
0,0,1,1,3,1,false,1.0996169,1.0962733,1.0617647,1.0,1.0198675,0.9618056,0.9937304,0.9391892,4,2,1.1189591,1.1241611,1.1181818,1.1295681,1.1024096,1.0919881,1.1357143,1.1449814
0,0,1,1,3,1,true,1.1494253,1.1273292,1.0852941,1.0090909,0.99006623,0.8923611,0.9498433,0.8918919,4,2,1.1226766,1.1342282,1.1212121,1.1295681,1.1024096,1.0890207,1.1285714,1.1449814
0,0,1,1,4,0,false,1.1072797,1.1055901,1.0852941,1.0424242,1.013245,0.9722222,1.0,0.9324324,4,2,1.0966543,1.080537,1.0787879,1.1129568,1.1024096,1.1127596,1.1571429,1.1747212
0,0,1,1,4,0,true,1.0804597,1.083851,1.0588236,1.0060606,1.0397351,0.9895833,0.9968652,0.9290541,4,2,1.1078067,1.0973154,1.0909091,1.1162791,1.1054217,1.115727,1.1571429,1.1710037
0,0,1,1,5,2,false,1.091954,1.1180124,1.1029412,1.0636364,0.9701987,0.96875,0.9811912,0.8716216,4,2,1.055762,0.9899329,0.9787879,1.0498339,1.0963856,1.124629,1.1607143,1.1598513
0,0,1,1,5,2,true,1.0689656,1.083851,1.0676471,1.0242424,0.98013246,0.9479167,0.9874608,0.902027,4,2,1.1003717,1.0872483,1.0757576,1.1063123,1.1024096,1.1127596,1.1607143,1.1710037
0,0,1,2,1,0,false,1.091954,1.083851,1.0647058,1.030303,1.0198675,0.9826389,1.0062696,0.9628378,4,2,1.1003717,1.080537,1.0787879,1.1096345,1.0963856,1.0890207,1.1357143,1.1524163
0,0,1,2,1,1,false,1.0613027,1.0714285,1.0617647,1.0393939,0.9966887,0.9583333,1.0031348,0.9493243,4,2,1.1040893,1.0872483,1.0818182,1.1096345,1.0963856,1.0860534,1.1285714,1.1486989
0,0,1,2,1,2,false,1.0344827,1.0279503,0.9852941,0.9,0.93046355,0.8645833,0.90909094,0.847973,4,2,1.1635687,1.2214766,1.1727272,1.1395348,1.1084337,1.083086,1.1357143,1.0892193
0,0,1,2,2,0,true,1.0613027,1.0434783,1.0294118,0.96666664,1.0198675,0.9652778,0.99059564,0.9290541,4,2,1.1710037,1.2583892,1.2333333,1.1926911,1.1144578,1.074184,1.1678572,1.1078067
0,0,1,2,2,1,true,1.0613027,1.0465839,1.0323529,0.96666664,1.0198675,0.9618056,0.984326,0.9256757,4,2,1.1635687,1.2348993,1.2121212,1.1827242,1.1174699,1.083086,1.1678572,1.1078067
0,0,1,2,2,2,true,1.0229886,1.0124223,0.9823529,0.90909094,0.93046355,0.8611111,0.9184953,0.8412162,4,2,1.1747212,1.2785234,1.2424242,1.1993356,1.1114458,1.0534124,1.1464286,1.0892193
0,0,1,2,3,1,false,1.072797,1.0652174,1.0529412,1.0212121,0.9701987,0.9236111,0.97805643,0.9121622,4,2,1.1449814,1.1912751,1.1666666,1.1528239,1.0993975,1.0712166,1.1178571,1.1152416
0,0,1,2,3,1,true,1.045977,1.052795,1.0529412,1.0272727,0.96357614,0.9166667,0.968652,0.8547297,4,2,1.141264,1.2080537,1.1969697,1.1760798,1.1114458,1.083086,1.1607143,1.1040893
0,0,1,2,4,0,false,1.0996169,1.0869565,1.0764706,1.0575757,1.0165563,0.9756944,1.0094044,0.9628378,4,2,1.1486989,1.1778524,1.1575757,1.1395348,1.0963856,1.074184,1.1107143,1.1040893
0,0,1,2,4,0,true,1.0613027,1.052795,1.0411764,0.9939394,0.98344374,0.9305556,0.97805643,0.8986486,4,2,1.1672863,1.2483221,1.2333333,1.1960133,1.1144578,1.0801187,1.1571429,1.1115241
0,0,1,2,5,2,false,1.0536399,1.0434783,1.0117648,0.94848484,0.90066224,0.8506944,0.9122257,0.8243243,4,2,1.1561338,1.1979866,1.160606,1.1295681,1.1024096,1.0890207,1.1142857,1.1115241
0,0,1,2,5,2,true,1.0306513,1.0217391,1.0088235,0.94545454,0.9602649,0.9027778,0.9498433,0.8581081,4,2,1.1821561,1.2919463,1.269697,1.2093023,1.1144578,1.0593472,1.1464286,1.0929368
0,0,1,3,1,0,false,1.0996169,1.0869565,1.0705882,1.0424242,1.0033113,0.9618056,0.9968652,0.9391892,4,2,1.1115241,1.1174496,1.1181818,1.1229236,1.0903615,1.0771513,1.1178571,1.1189591
0,0,1,3,1,1,false,1.0842912,1.1055901,1.0764706,1.0727273,0.98675495,0.9583333,0.9811912,0.9087838,4,2,1.2081784,1.2986578,1.2272727,1.1395348,1.1024096,1.0593472,1.0964285,1.0594796
0,0,1,3,1,2,false,1.072797,1.083851,1.0558823,1.0454545,0.98675495,0.9548611,1.0,0.9459459,4,2,1.2230483,1.3456376,1.2575758,1.1661129,1.0993975,1.0059347,1.075,1.007435
0,0,1,3,2,0,true,1.0881226,1.0931677,1.0647058,1.0363636,0.9370861,0.8888889,0.95924765,0.8716216,4,2,1.1933086,1.2885906,1.230303,1.1760798,1.1024096,1.041543,1.1285714,1.078067
0,0,1,3,2,1,true,1.0766283,1.0869565,1.0588236,1.0181818,0.89403975,0.84375,0.9153605,0.7939189,4,2,1.1375464,1.2214766,1.1969697,1.179402,1.1114458,1.0593472,1.175,1.1115241
0,0,1,3,2,2,true,1.0842912,1.0931677,1.0647058,1.0454545,0.9039735,0.8645833,0.94670844,0.8445946,4,2,1.204461,1.3389262,1.2848485,1.2093023,1.1024096,1.0118694,1.1357143,1.055762
0,0,1,3,3,1,false,1.0613027,1.0931677,1.0941176,1.1,1.0298014,1.0069444,1.0031348,0.8986486,4,2,1.204461,1.2718121,1.1969697,1.1362126,1.1054217,1.0919881,1.1321429,1.0892193
0,0,1,3,3,1,true,1.0996169,1.0962733,1.0764706,1.0454545,0.9370861,0.8923611,0.94670844,0.8581081,4,2,1.0855019,1.0973154,1.1121212,1.1461794,1.1084337,1.0919881,1.1714286,1.1301116
0,0,1,3,4,0,false,1.1149426,1.1055901,1.082353,1.0666667,0.9966887,0.9618056,0.9968652,0.9391892,4,2,1.1189591,1.1442953,1.1393939,1.1328903,1.0933735,1.0623145,1.1107143,1.0892193
0,0,1,3,4,0,true,1.1111112,1.0962733,1.0764706,1.060606,0.9370861,0.8958333,0.96238244,0.8783784,4,2,1.1858736,1.3020134,1.260606,1.2059801,1.1054217,1.0267062,1.1464286,1.0743494
0,0,1,3,5,2,false,1.0881226,1.0900621,1.0647058,1.0454545,0.9735099,0.9409722,0.984326,0.9121622,4,2,1.1115241,1.1778524,1.1636363,1.1495017,1.0903615,1.0326409,1.1071428,1.0483271
0,0,1,3,5,2,true,1.0881226,1.0776397,1.0558823,1.0333333,0.93046355,0.875,0.9498433,0.8614865,4,2,1.1858736,1.3053691,1.2636364,1.2026578,1.0963856,1.0178041,1.1285714,1.063197
0,0,1,4,1,0,false,1.1187739,1.1024845,1.0852941,1.0818182,1.0264901,0.9965278,1.0250784,0.9932432,4,2,1.1152416,1.1375839,1.130303,1.1328903,1.0813253,1.0474777,1.1,1.0855019
0,0,1,4,1,1,false,1.1149426,1.1118013,1.0911765,1.0969697,0.9735099,0.9479167,0.9968652,0.9594595,4,2,1.275093,1.4496645,1.3303031,1.1960133,1.063253,0.92284864,1.0285715,0.98141265
0,0,1,4,1,2,false,1.0689656,1.0776397,1.0617647,1.0424242,0.9933775,0.9583333,0.9937304,0.9189189,4,2,1.1672863,1.2516779,1.2212121,1.1694353,1.0843374,1.0267062,1.0535715,1.0594796
0,0,1,4,3,1,true,1.0996169,1.0869565,1.0764706,1.069697,1.0231788,0.9895833,1.015674,0.9898649,4,2,1.1040893,1.1006712,1.1,1.1096345,1.0722891,1.0593472,1.0892857,1.1040893
0,0,1,4,4,0,false,1.0996169,1.083851,1.0794117,1.0727273,1.0331125,1.0,1.0250784,1.0,4,2,1.1152416,1.1308725,1.1212121,1.1229236,1.0753012,1.0534124,1.0928571,1.0966543
0,0,1,4,4,0,true,1.1149426,1.0931677,1.082353,1.0666667,0.9735099,0.9340278,0.984326,0.9324324,4,2,1.1524163,1.2013422,1.1484848,1.1262459,1.0692772,1.0296736,1.1071428,1.0817844
0,0,1,4,5,2,false,1.0996169,1.0900621,1.082353,1.069697,1.0099338,0.9756944,1.0031348,0.9425676,4,2,1.1189591,1.1308725,1.1181818,1.1162791,1.0722891,1.0474777,1.0714285,1.078067
0,0,1,4,5,2,true,1.0881226,1.0714285,1.0676471,1.0424242,0.9701987,0.9270833,0.97805643,0.9189189,4,2,1.1784387,1.2449664,1.1848484,1.1428572,1.0783132,1.0356083,1.1,1.070632
0,0,2,0,1,0,false,1.0035211,0.990991,0.9811912,0.9807692,1.0206896,1.0165017,1.0034722,1.0064934,4,1,0.97472924,0.9574468,0.9695946,0.9730539,0.99358976,1.0060422,0.99310344,1.0064516
0,0,2,0,1,1,false,1.112676,1.1351352,1.2257054,1.2467948,0.90689653,0.85148513,0.8923611,0.83441556,4,1,0.9927798,1.0141844,1.0202702,0.994012,1.0032052,1.0271903,1.0103449,1.0258064
0,0,2,0,1,2,false,0.95422536,0.9369369,0.87774295,0.89102566,1.1448276,1.1254126,1.0694444,1.1266234,4,1,0.90613717,0.822695,0.8648649,0.9011976,0.9807692,1.0181268,0.99655175,1.016129
0,0,2,0,2,0,true,0.94014084,0.966967,0.97805643,0.9230769,0.87586206,0.8151815,0.8263889,0.762987,4,1,1.0036101,1.031915,1.0304054,0.994012,1.0128205,1.0634441,1.0344827,1.048387
0,0,2,0,2,1,true,1.278169,1.4504504,1.7398119,1.8173077,0.055172414,0.00990099,0.7083333,0.012987013,4,1,0.9422383,1.1276596,1.1047298,1.0538923,1.0192307,1.060423,1.0413793,1.0548387
0,0,2,0,2,2,true,0.9471831,0.957958,0.9059561,0.875,1.1206896,1.1221122,1.0868056,1.0909091,4,1,1.0,0.9751773,0.9763514,0.97904193,1.0128205,1.060423,1.0413793,1.0516129
0,0,2,0,3,1,false,1.3697183,1.2912912,1.5736678,1.6217948,0.36206895,0.23762377,0.9027778,0.24350649,4,1,0.9566787,1.0992907,1.070946,1.011976,1.0192307,1.060423,1.0413793,1.0419354
0,0,2,0,3,1,true,1.3802817,1.3123124,1.5391849,1.5641025,0.22068965,0.15511551,0.8159722,0.11038961,4,1,0.9530686,1.1099291,1.081081,1.0179641,1.0224359,1.0755287,1.0586207,1.0580645
0,0,2,0,4,0,false,0.96478873,0.954955,0.97492164,0.9551282,0.9862069,0.97029704,0.9618056,0.9253247,4,1,0.97472924,0.9539007,0.9628378,0.9550898,1.0064102,1.060423,1.0344827,1.048387
0,0,2,0,4,0,true,0.9753521,0.9309309,0.97805643,0.94871795,0.9,0.8448845,0.8645833,0.8051948,4,1,1.0036101,1.0141844,1.0067568,0.98502994,1.0192307,1.081571,1.0517242,1.0612903
0,0,2,0,5,2,false,0.9507042,0.9399399,0.9498433,0.92948717,1.0034482,0.9933993,0.96875,0.9415584,4,1,0.97472924,0.95035464,0.9560811,0.9520958,1.0064102,1.0664653,1.0413793,1.0516129
0,0,2,0,5,2,true,1.1232394,1.051051,0.9811912,0.9423077,1.2068965,1.2079208,1.1458334,1.1363636,4,1,0.9530686,0.8758865,0.8986486,0.9071856,1.0,1.0543807,1.0310345,1.0387096
0,0,2,1,1,0,false,1.0176057,0.951952,0.968652,0.94551283,0.94482756,0.9207921,0.9097222,0.8636364,4,1,0.9711191,0.9432624,0.9493243,0.94011974,1.0064102,1.0694864,1.0413793,1.0548387
0,0,2,1,1,1,false,0.9683099,0.9309309,0.9498433,0.94551283,0.98275864,0.9867987,0.9548611,0.8961039,4,1,1.0,1.0035461,0.9966216,0.98502994,1.0096154,1.042296,1.024138,1.032258
0,0,2,1,1,2,false,1.0774648,1.003003,1.0125391,1.0064102,0.92413795,0.8877888,0.9270833,0.8863636,4,1,0.9638989,0.9113475,0.9256757,0.9161677,1.0,1.0574018,1.0413793,1.048387
0,0,2,1,2,0,true,1.0035211,0.9339339,0.94670844,0.9326923,1.0068965,1.0033003,0.9583333,0.91883117,4,1,0.98194945,0.9539007,0.9628378,0.9580838,1.0096154,1.0634441,1.0413793,1.048387
0,0,2,1,2,1,true,1.1338028,1.003003,1.0282131,0.99038464,0.9758621,0.9438944,0.8958333,0.8149351,4,1,0.9783394,0.9822695,0.9864865,0.99101794,1.0128205,1.0543807,1.0379311,1.048387
0,0,2,1,2,2,true,1.1056339,1.0,1.015674,1.0032052,0.92068964,0.8745875,0.9131944,0.8733766,4,1,0.9783394,0.9255319,0.9391892,0.9131737,1.0032052,1.0845921,1.0620689,1.0645162
0,0,2,1,3,1,false,1.0140845,0.9489489,0.96238244,0.96794873,0.9862069,0.990099,0.96875,0.9220779,4,1,0.9927798,0.9858156,0.9831081,0.97604793,1.0128205,1.0453172,1.0344827,1.0387096
0,0,2,1,3,1,true,1.1161972,0.990991,1.0125391,0.98717946,0.9758621,0.9537954,0.9166667,0.83766234,4,1,0.9927798,1.0035461,1.0,0.997006,1.0128205,1.0483384,1.0344827,1.0387096
0,0,2,1,4,0,false,1.0880282,0.978979,0.97805643,0.96794873,0.9896552,0.980198,0.96875,0.9383117,4,1,0.97472924,0.9326241,0.9425676,0.9491018,1.0096154,1.0634441,1.0482758,1.0451612
0,0,2,1,4,0,true,1.0457747,0.9459459,0.95924765,0.94551283,1.0137931,1.0066006,0.96875,0.9285714,4,1,1.0,0.9858156,0.9831081,0.97904193,1.0160257,1.0664653,1.0586207,1.0516129
0,0,2,1,5,2,false,1.1302817,1.015015,1.0062696,0.98717946,0.9517241,0.9207921,0.9513889,0.90584415,4,1,0.94584835,0.8475177,0.8648649,0.8652695,1.0,1.0906345,1.0655172,1.0612903
0,0,2,1,5,2,true,1.0669014,0.960961,0.97805643,0.9583333,0.96896553,0.9405941,0.9375,0.8961039,4,1,0.99638987,0.9787234,0.9898649,0.98203593,1.0096154,1.0574018,1.0551724,1.048387
0,0,2,2,1,0,false,1.0774648,0.963964,0.9811912,0.9647436,0.962069,0.9438944,0.9340278,0.8896104,4,1,0.9711191,0.9361702,0.9527027,0.96407187,1.0032052,1.0543807,1.0448276,1.048387
0,0,2,2,1,1,false,1.0528169,0.9489489,0.97805643,0.96794873,0.9517241,0.9471947,0.9375,0.8831169,4,1,0.98194945,0.9716312,0.9628378,0.9580838,1.0096154,1.0574018,1.0448276,1.0354838
0,0,2,2,1,2,false,0.9859155,0.9159159,0.9341693,0.9358974,0.9275862,0.9108911,0.9097222,0.8279221,4,1,0.99638987,1.0,1.0,0.97904193,1.0,1.0483384,1.0517242,1.032258
0,0,2,2,2,0,true,1.0528169,0.951952,0.97178686,0.96153843,0.9758621,0.9438944,0.9201389,0.8733766,4,1,1.0072203,1.031915,1.0337838,1.0538923,1.0128205,1.0543807,1.0551724,1.0580645
0,0,2,2,2,1,true,1.0704225,0.966967,1.0031348,0.98397434,0.96896553,0.9339934,0.90625,0.83766234,4,1,1.0072203,1.0744681,1.0506756,1.0449102,1.0,1.0030211,1.024138,1.0
0,0,2,2,2,2,true,1.0387324,0.9399399,0.9529781,0.9647436,0.9551724,0.9240924,0.9236111,0.8603896,4,1,1.0216607,1.0992907,1.0878378,1.0778443,1.0064102,1.0060422,1.0448276,1.0193548
0,0,2,2,3,1,false,1.0809859,0.972973,1.0031348,0.9967949,0.9655172,0.9339934,0.9236111,0.85714287,4,1,0.9927798,1.0212766,1.0101352,1.0089821,1.0096154,1.0332326,1.0379311,1.0129032
0,0,2,2,3,1,true,1.0704225,0.960961,0.9874608,0.96794873,1.0206896,0.990099,0.9513889,0.89935064,4,1,1.0433213,1.1382979,1.1013514,1.0748503,0.99038464,0.95770395,0.99655175,0.97096777
0,0,2,2,4,0,false,1.084507,0.975976,0.9874608,0.9807692,0.98275864,0.9537954,0.9444444,0.9025974,4,1,0.9927798,0.9964539,0.9898649,0.99101794,1.0032052,1.042296,1.0413793,1.0193548
0,0,2,2,4,0,true,1.0457747,0.9399399,0.968652,0.97115386,0.9517241,0.91749173,0.9097222,0.85714287,4,1,1.0180506,1.070922,1.0574324,1.0658683,1.0096154,1.042296,1.0620689,1.0451612
0,0,2,2,5,2,false,1.0316901,0.9309309,0.9529781,0.9583333,0.9275862,0.88448846,0.8888889,0.8149351,4,1,0.99638987,1.0177305,1.0135136,1.0089821,1.0032052,1.0453172,1.0551724,1.0290322
0,0,2,2,5,2,true,1.0246478,0.9159159,0.94670844,0.94871795,0.9758621,0.9405941,0.9270833,0.8668831,4,1,1.0180506,1.0780141,1.0641892,1.0808383,1.0032052,1.0181268,1.0551724,1.0354838
0,0,2,3,1,0,false,1.0915493,0.957958,0.984326,0.9775641,0.98275864,0.9471947,0.9375,0.89285713,4,1,0.9927798,1.0141844,1.0033784,1.011976,1.0064102,1.0483384,1.0586207,1.0290322
0,0,2,3,1,1,false,1.084507,0.984985,0.97492164,0.98397434,1.0137931,0.9933993,0.9930556,0.9577922,4,1,1.0974729,1.1595745,1.081081,1.0089821,1.0032052,1.0755287,1.0586207,1.0193548
0,0,2,3,1,2,false,1.0528169,0.9459459,0.95924765,0.9775641,1.0068965,0.980198,0.9722222,0.9350649,4,1,1.0180506,1.0638298,1.0371622,1.0209581,1.0032052,1.0392749,1.0655172,1.0096774
0,0,2,3,2,0,true,1.0915493,0.963964,0.9968652,1.0032052,0.9655172,0.9240924,0.9131944,0.85714287,4,1,1.0288808,1.1205673,1.0878378,1.0928143,1.0160257,1.0302114,1.0862069,1.0387096
0,0,2,3,2,1,true,1.0528169,0.9429429,0.9655172,0.9967949,0.99310344,0.9669967,0.9548611,0.89935064,4,1,1.0758122,1.1737589,1.1148648,1.0868263,1.0096154,1.0120846,1.0379311,1.016129
0,0,2,3,2,2,true,1.0563381,0.9459459,0.97492164,0.99358976,0.9896552,0.9471947,0.9340278,0.8798701,4,1,1.0180506,1.0780141,1.043919,1.0598803,1.0064102,1.0211481,1.0586207,1.0225806
0,0,2,3,3,1,false,1.0563381,0.960961,0.9811912,0.9967949,0.96896553,0.9240924,0.9270833,0.8733766,4,1,1.0685921,1.1382979,1.070946,1.0269461,1.0096154,1.0845921,1.0793103,1.0258064
0,0,2,3,3,1,true,1.0563381,0.951952,0.95611286,0.96794873,1.0275862,0.990099,0.9583333,0.90584415,4,1,1.0108303,1.0283688,1.0,1.0658683,1.0032052,0.9848943,1.0344827,1.032258
0,0,2,3,4,0,false,1.084507,0.96997,0.9937304,1.0,0.99310344,0.96039605,0.9548611,0.90909094,4,1,0.97472924,0.9893617,0.9797297,1.0209581,1.0032052,1.0362538,1.0655172,1.0129032
0,0,2,3,4,0,true,1.1056339,0.963964,0.9968652,1.0096154,0.9758621,0.9240924,0.90625,0.8668831,4,1,1.0144404,1.0744681,1.054054,1.0838324,1.0160257,1.0453172,1.0965518,1.0451612
0,0,2,3,5,2,false,1.084507,0.957958,0.97492164,0.99038464,0.99655175,0.9570957,0.9479167,0.90584415,4,1,0.93501806,0.92907804,0.9290541,0.9700599,0.99358976,1.0392749,1.0482758,0.9935484
0,0,2,3,5,2,true,1.0809859,0.957958,0.9968652,1.0160257,0.9655172,0.9207921,0.9131944,0.8668831,4,1,1.0036101,1.0744681,1.054054,1.0658683,1.0064102,1.0211481,1.0655172,1.016129
0,0,2,4,1,0,false,1.0985916,0.963964,0.984326,0.99038464,0.9896552,0.9570957,0.9513889,0.91233766,4,1,0.9927798,1.0212766,1.0135136,1.0299401,1.0032052,1.042296,1.0724138,1.0258064
0,0,2,4,1,1,false,1.112676,0.984985,0.9874608,0.99358976,0.9862069,0.95049506,0.9548611,0.91558444,4,1,0.99638987,1.0283688,1.0236486,1.0359281,1.0096154,1.0845921,1.1137931,1.0516129
0,0,2,4,1,2,false,1.0669014,0.951952,0.97178686,0.9967949,1.0068965,0.980198,0.9756944,0.9350649,4,1,1.0866426,1.1702127,1.0777028,1.0149701,0.99358976,1.0392749,1.024138,0.9935484
0,0,2,4,2,0,true,1.1021127,0.96997,1.0,1.0288461,0.95862067,0.9240924,0.9340278,0.8766234,4,1,1.1732852,1.3723404,1.2635136,1.1317365,1.0160257,1.0120846,1.0551724,0.9870968
0,0,2,4,2,1,true,1.1267606,0.978979,1.0094044,1.0256411,0.97931033,0.9405941,0.9409722,0.8831169,4,1,0.9314079,0.92907804,0.9594595,1.0389222,1.0032052,1.0664653,1.1206896,1.0612903
0,0,2,4,2,2,true,1.0950705,0.960961,0.99059564,1.0192307,0.97931033,0.9438944,0.9444444,0.89285713,4,1,1.0902528,1.1914893,1.1047298,1.0269461,1.0,1.0574018,1.0517242,0.9967742
0,0,2,4,3,1,false,1.0985916,0.96997,0.99059564,1.0032052,0.99310344,0.95049506,0.9548611,0.90909094,4,1,0.9855596,1.0460993,1.0405406,1.0479041,1.0032052,1.0453172,1.0931034,1.0258064
0,0,2,4,3,1,true,1.0985916,0.963964,0.9937304,1.0064102,0.9896552,0.9438944,0.9375,0.8896104,4,1,0.833935,0.75886524,0.8209459,0.98203593,0.9967949,1.1057402,1.1413794,1.1129032
0,0,2,4,4,0,false,1.1056339,0.96997,0.984326,0.98717946,1.0137931,0.980198,0.96875,0.9285714,4,1,0.9602888,0.9468085,0.9459459,0.98802394,0.99358976,1.0513595,1.0689656,1.0193548
0,0,2,4,4,0,true,1.0915493,0.963964,0.9937304,1.0032052,0.9862069,0.9471947,0.9375,0.89285713,4,1,0.9927798,1.035461,1.0236486,1.0508982,0.9967949,1.0332326,1.0793103,1.0193548
0,0,2,4,5,2,false,1.0809859,0.954955,0.97805643,0.98397434,0.97931033,0.9339934,0.9201389,0.8798701,4,1,1.0469314,1.1028368,1.0067568,0.99101794,0.9647436,0.9939577,0.9724138,0.9580645
0,0,2,4,5,2,true,1.1443661,0.975976,1.0094044,1.0224359,0.93448275,0.8910891,0.8993056,0.8474026,4,1,1.032491,1.1099291,1.0844594,1.0778443,1.0032052,1.042296,1.0862069,1.0258064
0,0,3,0,1,0,false,1.0627178,0.99319726,0.98540145,0.9800664,1.010101,1.0145454,1.0,1.0032154,4,0,0.97794116,0.9482201,0.93373495,0.963964,0.9901639,0.990228,0.981982,0.9820144
0,0,3,0,1,1,false,1.1986063,1.1972789,1.0510949,0.88372093,1.2087542,1.2218182,1.0529802,0.92926043,4,0,1.0110294,1.0291262,1.0090362,1.003003,1.0,1.0260587,1.006006,1.0143884
0,0,3,0,1,2,false,0.9616725,0.9489796,0.9306569,0.92358804,1.010101,1.0254545,1.0198675,1.0321543,4,0,0.9375,0.8640777,0.8614458,0.9309309,0.98032784,0.98045605,0.978979,0.98920864
0,0,3,0,2,0,true,1.0243902,0.96258503,0.9379562,0.8803987,0.95286196,0.9381818,0.9403973,0.9131833,4,0,1.0,1.0129449,0.99698794,1.003003,1.0,1.0358306,1.015015,1.028777
0,0,3,0,2,1,true,1.261324,1.2176871,0.8211679,0.64451826,1.3232323,1.48,1.1986755,0.977492,4,0,1.0257353,1.0679612,1.0512048,1.033033,1.0,1.0390879,1.009009,1.0431654
0,0,3,0,2,2,true,0.8432056,0.96258503,0.91240877,0.96345514,1.006734,1.069091,1.0728477,1.0996784,4,0,0.9338235,0.8446602,0.84638554,0.9249249,0.9770492,0.9837133,0.96997,1.0035971
0,0,3,0,3,1,false,1.4982579,1.4115646,1.2481751,1.0033222,1.1212121,1.0727273,0.95033115,0.7299035,4,0,0.9816176,1.0194175,1.0060241,1.006006,0.9967213,1.0358306,1.009009,1.0323741
0,0,3,0,3,1,true,1.2439024,1.1972789,0.8868613,0.70431894,1.1346802,1.2,1.0264901,0.8102894,4,0,0.9963235,1.0355988,1.0301205,1.027027,0.9967213,1.0423453,1.009009,1.0431654
0,0,3,0,4,0,false,0.9930314,1.0170068,0.99635035,0.9401993,0.9292929,0.91636366,0.92384106,0.926045,4,0,0.9632353,0.93203884,0.92771083,0.96997,0.98688525,1.009772,0.990991,1.0143884
0,0,3,0,4,0,true,0.9616725,1.0068027,0.9817518,0.90697676,0.8787879,0.8545455,0.8907285,0.87138265,4,0,0.97794116,0.9773463,0.97289157,0.996997,0.9967213,1.0390879,1.015015,1.0395683
0,0,3,0,5,2,false,0.8954704,0.95238096,0.94160587,0.9003322,0.96633,0.9818182,0.98675495,1.0032154,4,0,0.9007353,0.789644,0.7981928,0.8948949,0.9573771,0.9543974,0.9429429,0.97482014
0,0,3,0,5,2,true,0.88850176,0.9829932,0.9270073,0.8372093,0.9057239,0.90181816,0.9072848,0.86173636,4,0,1.007353,1.0614886,1.0512048,1.033033,0.9967213,0.98697066,1.0,1.0
0,0,3,1,1,0,false,0.88850176,0.9829932,0.96350366,0.92358804,0.93939394,0.9381818,0.9470199,0.9389067,4,0,0.9522059,0.9255663,0.92168677,0.954955,0.9704918,0.9739414,0.963964,0.9784173
0,0,3,1,1,1,false,0.8989547,1.0034014,0.97445256,0.94684386,0.94612795,0.9490909,0.9602649,0.95498395,4,0,0.9816176,0.987055,0.97590363,0.981982,0.9836066,0.9641694,0.963964,0.971223
0,0,3,1,1,2,false,0.8815331,1.0034014,1.0145985,1.0,0.9259259,0.92,0.95033115,0.94212216,4,0,0.9227941,0.87055016,0.88554215,0.954955,0.9770492,0.9641694,0.975976,0.9820144
0,0,3,1,2,0,true,0.9163763,0.99319726,0.9817518,0.9501661,0.95286196,0.93454546,0.9370861,0.9356913,4,0,0.97794116,0.987055,0.97289157,0.990991,0.98688525,0.9674267,0.975976,0.9856115
0,0,3,1,2,1,true,0.9477352,0.99659866,0.9890511,0.9269103,0.96633,0.9236364,0.9072848,0.9067524,4,0,0.9669118,0.9708738,0.9518072,0.972973,0.98032784,0.9576547,0.951952,0.97482014
0,0,3,1,2,2,true,0.88850176,0.9863946,0.9890511,0.9401993,0.9292929,0.8909091,0.89403975,0.8842444,4,0,0.95955884,0.9514563,0.94578314,0.987988,0.9836066,0.9771987,0.981982,1.0035971
0,0,3,1,3,1,false,0.9477352,1.0102041,0.99270076,0.9401993,0.96633,0.9418182,0.9337748,0.92926043,4,0,0.9522059,0.9352751,0.92469877,0.957958,0.9737705,0.95114005,0.951952,0.9676259
0,0,3,1,3,1,true,0.9756098,1.0102041,0.9890511,0.91694355,0.959596,0.92727274,0.9139073,0.9067524,4,0,0.95955884,0.9611651,0.9427711,0.963964,0.9737705,0.93811077,0.9369369,0.9532374
0,0,3,1,4,0,false,0.9686411,1.0068027,1.0072993,0.9501661,0.969697,0.9418182,0.9370861,0.9389067,4,0,0.94485295,0.90614885,0.90361446,0.960961,0.98688525,0.97068405,0.975976,0.9856115
0,0,3,1,4,0,true,0.9616725,0.99319726,0.9817518,0.910299,0.95286196,0.92,0.9139073,0.91961414,4,0,0.95955884,0.9482201,0.939759,0.975976,0.9836066,0.9771987,0.972973,0.9928058
0,0,3,1,5,2,false,0.8989547,0.9863946,1.0,0.95348835,0.9259259,0.90181816,0.9139073,0.9131833,4,0,0.9007353,0.80906147,0.8192771,0.9129129,0.9704918,0.9739414,0.984985,1.0071943
0,0,3,1,5,2,true,0.912892,0.9829932,0.9890511,0.92358804,0.93602693,0.89454544,0.8907285,0.88102895,4,0,0.9411765,0.9158576,0.91566265,0.96997,0.98688525,0.98697066,0.990991,1.0143884
0,0,3,2,1,0,false,0.9721254,1.0,1.0036496,0.94684386,0.96633,0.9418182,0.93046355,0.9356913,4,0,0.9338235,0.8899676,0.89457834,0.9489489,0.98032784,0.9641694,0.96997,0.9820144
0,0,3,2,1,1,false,0.9616725,1.0034014,1.0072993,0.95681065,0.97643095,0.95272726,0.9337748,0.93247586,4,0,0.9375,0.9158576,0.9126506,0.957958,0.98032784,0.95114005,0.966967,0.9676259
0,0,3,2,1,2,false,0.9268293,0.9829932,0.9817518,0.9667774,0.94949496,0.9418182,0.9437086,0.926045,4,0,0.9485294,0.94174755,0.9487952,0.981982,0.9770492,0.9055375,0.9429429,0.94244605
0,0,3,2,2,0,true,0.8850174,0.96938777,0.94160587,0.91362125,0.93939394,0.9418182,0.9437086,0.926045,4,0,0.99264705,1.0291262,0.99698794,0.990991,0.9836066,0.8957655,0.9219219,0.9064748
0,0,3,2,2,1,true,0.8780488,0.96938777,0.9671533,0.9800664,0.993266,0.99636364,0.99006623,0.98392284,4,0,0.9742647,1.0194175,0.9909639,0.981982,0.9737705,0.86970687,0.9279279,0.88129497
0,0,3,2,2,2,true,0.8954704,0.9659864,0.9379562,0.910299,0.959596,0.9672727,0.95364237,0.926045,4,0,0.97794116,1.0161812,0.9789157,0.978979,0.9704918,0.8436482,0.8918919,0.86690646
0,0,3,2,3,1,false,0.9407666,0.99659866,1.0036496,1.0,1.0,1.0036364,0.98344374,0.977492,4,0,0.93014705,0.9158576,0.90361446,0.9369369,0.9639344,0.87296414,0.9129129,0.8884892
0,0,3,2,3,1,true,0.9581882,1.0,0.99635035,0.9667774,1.023569,1.0218182,0.9701987,0.9517685,4,0,0.94485295,0.96763754,0.9427711,0.9429429,0.96065575,0.85016286,0.8948949,0.8561151
0,0,3,2,4,0,false,0.9512195,0.9863946,0.97445256,0.95348835,0.996633,1.0145454,0.99006623,0.97427654,4,0,0.9669118,0.98058254,0.9578313,0.963964,0.9672131,0.8859935,0.9279279,0.8920863
0,0,3,2,4,0,true,0.92334497,0.96938777,0.9379562,0.90697676,0.97643095,0.9890909,0.9701987,0.94212216,4,0,0.97794116,1.0194175,0.9879518,0.981982,0.9639344,0.85016286,0.8918919,0.8705036
0,0,3,2,5,2,false,0.90592337,0.9557823,0.959854,0.95348835,0.962963,0.9709091,0.9668874,0.9389067,4,0,0.9227941,0.9029126,0.9006024,0.9459459,0.96065575,0.8892508,0.9279279,0.9064748
0,0,3,2,5,2,true,0.8954704,0.9591837,0.9379562,0.9269103,0.959596,0.97818184,0.9701987,0.94212216,4,0,0.99264705,1.0485437,1.0090362,0.990991,0.9639344,0.8306189,0.8798799,0.85251796
0,0,3,3,1,0,false,0.9337979,0.9829932,0.97445256,0.96345514,0.986532,1.0145454,0.99006623,0.97427654,4,0,0.9852941,1.0323625,0.9879518,0.981982,0.9672131,0.88273615,0.9369369,0.89928055
0,0,3,3,1,1,false,0.8675958,0.99319726,1.0036496,1.0697675,1.013468,1.0581818,1.0331125,1.0192926,4,0,1.069853,1.1941748,1.120482,1.03003,0.98032784,0.86644953,0.9309309,0.87410074
0,0,3,3,1,2,false,0.87108016,1.0034014,1.0072993,1.0664452,1.0,1.0436363,1.0198675,1.0096463,4,0,0.94485295,0.97411,0.9518072,0.966967,0.9508197,0.81433225,0.8828829,0.85971224
0,0,3,3,2,0,true,0.9303136,1.0102041,0.9890511,0.9800664,1.037037,1.0618181,1.0033113,0.977492,4,0,0.9411765,0.9644013,0.939759,0.960961,0.95409834,0.8175896,0.8708709,0.85251796
0,0,3,3,2,1,true,0.8919861,1.0204082,1.0109489,1.0398672,1.0707071,1.1272727,1.0629139,1.0353698,4,0,1.1139706,1.2750809,1.1807228,1.048048,0.9836066,0.8078176,0.9069069,0.823741
0,0,3,3,2,2,true,0.902439,0.99319726,0.9890511,1.0199336,1.0336701,1.0654546,1.013245,1.0,4,0,0.93014705,0.95469254,0.92771083,0.954955,0.95409834,0.77850163,0.8558559,0.82733816
0,0,3,3,3,1,false,0.8989547,1.0068027,1.0182482,1.0664452,1.030303,1.0581818,1.0165563,0.99356914,4,0,0.9338235,0.9385113,0.9096386,0.960961,0.9704918,0.8371335,0.9009009,0.8920863
0,0,3,3,3,1,true,0.902439,1.0034014,0.99635035,0.99667776,1.0707071,1.1090909,1.0331125,1.0064309,4,0,0.9375,0.95469254,0.92469877,0.960961,0.96065575,0.78175896,0.8468468,0.8381295
0,0,3,3,4,0,false,0.8989547,0.97959185,0.9890511,1.0066445,1.0336701,1.0727273,1.0298014,1.0128617,4,0,0.91544116,0.9126214,0.9006024,0.9489489,0.9573771,0.85016286,0.9189189,0.8920863
0,0,3,3,4,0,true,0.9337979,1.0,1.0,0.99667776,1.043771,1.0618181,1.0,0.97427654,4,0,0.9117647,0.9255663,0.9186747,0.957958,0.95409834,0.8078176,0.8708709,0.86690646
0,0,3,3,5,2,false,0.87456447,0.9727891,0.99270076,1.0598006,0.97979796,1.0109091,1.0033113,1.0,4,0,0.8897059,0.88349515,0.86445785,0.9129129,0.93442625,0.74592835,0.8408408,0.8093525
0,0,3,3,5,2,true,0.9163763,1.0,1.0036496,1.0232558,1.010101,1.0363636,1.0,0.9807074,4,0,0.91544116,0.9482201,0.936747,0.960961,0.94426227,0.77850163,0.8498498,0.82733816
0,0,3,4,1,0,false,0.8954704,0.9829932,0.97445256,0.9900332,0.993266,1.0181818,1.0,1.0096463,4,0,0.9411765,0.987055,0.96686745,0.984985,0.96065575,0.8371335,0.9159159,0.88129497
0,0,3,4,1,1,false,0.85714287,0.96938777,0.9817518,1.0365448,0.97643095,1.0109091,1.0066226,1.0,4,0,0.94485295,0.9773463,0.9487952,0.963964,0.9573771,0.81433225,0.8828829,0.8489209
0,0,3,4,1,2,false,0.85714287,0.9727891,0.9890511,1.076412,0.96633,0.99636364,0.9966887,1.0,4,0,1.0441177,1.1618123,1.060241,0.990991,0.98688525,0.85667753,0.9189189,0.8201439
0,0,3,4,2,0,true,0.9268293,0.9727891,0.9781022,0.9900332,1.023569,1.050909,1.0165563,1.0032154,4,0,0.9485294,0.99676377,0.9819277,0.993994,0.9639344,0.8306189,0.9189189,0.8776978
0,0,3,4,2,1,true,0.9337979,0.97959185,0.9781022,0.99335545,1.0471381,1.08,1.0331125,1.0160772,4,0,0.5992647,0.5436893,0.63554215,0.8468468,0.93442625,0.8762215,0.9009009,0.9028777
0,0,3,4,2,2,true,0.9198606,0.97959185,0.98540145,1.0099667,1.016835,1.050909,1.0198675,1.0128617,4,0,1.0588236,1.1779935,1.0903615,1.0,0.9704918,0.84039086,0.9039039,0.8417266
0,0,3,4,3,1,false,0.8989547,0.9659864,0.97445256,1.0099667,1.013468,1.050909,1.0298014,1.022508,4,0,0.9227941,0.94174755,0.92469877,0.954955,0.9573771,0.8078176,0.8858859,0.8381295
0,0,3,4,4,0,false,0.912892,0.9591837,0.95620435,0.9833887,0.989899,1.0327272,1.0231788,1.022508,4,0,0.91544116,0.9385113,0.92168677,0.9459459,0.9573771,0.80456024,0.8888889,0.83093524
0,0,3,4,4,0,true,0.9442509,0.96258503,0.95620435,0.9601329,1.013468,1.050909,1.0231788,1.0192926,4,0,0.9191176,0.9611651,0.96686745,0.987988,0.96065575,0.8110749,0.9039039,0.85251796
0,0,3,4,5,2,false,0.9372822,1.0204082,1.0364964,1.0730897,0.996633,1.0218182,0.9933775,0.9678457,4,0,1.0588236,1.1941748,1.0873494,1.009009,0.9770492,0.8110749,0.8978979,0.8057554
0,0,3,4,5,2,true,1.0348432,1.0476191,1.0182482,0.9667774,1.0841751,1.1054546,1.0033113,0.95498395,4,0,1.0808823,1.236246,1.126506,1.015015,0.9704918,0.78175896,0.8648649,0.79856116
0,1,0,0,1,0,false,1.0069444,0.99025977,0.9934211,1.0294118,0.98644066,0.9798658,0.989547,0.9753521,3,3,0.99333334,1.0107527,1.0141844,1.0160772,0.996633,0.99626863,1.0037037,1.0
0,1,0,0,1,1,false,0.8194444,0.84415585,0.80921054,0.75,0.8847458,0.8892617,0.9163763,0.8697183,3,3,1.0066667,1.0824373,1.0921986,1.0643086,1.006734,1.0261194,1.0333333,1.0194805
0,1,0,0,1,2,false,1.0868056,1.0584415,1.0427631,1.0992647,1.0271187,0.9798658,0.9721254,0.95422536,3,3,0.95666665,0.94623655,0.9539007,0.98392284,0.986532,0.9925373,1.0,0.9967533
0,1,0,0,2,0,true,0.9027778,0.90584415,0.8618421,0.8308824,0.94237286,0.9328859,0.9407666,0.90140843,3,3,0.98,1.0250896,1.035461,1.0257235,0.993266,1.0186567,1.0407407,1.012987
0,1,0,0,2,1,true,0.6805556,0.7532467,0.7269737,0.5625,0.76949155,0.75503355,0.80836236,0.7429578,3,3,0.9866667,1.09319,1.1134752,1.0803858,1.016835,1.0746269,1.0851852,1.0519481
0,1,0,0,2,2,true,1.1145834,1.0779221,1.0460526,1.1066177,1.0033898,0.96644294,0.9790941,0.9612676,3,3,0.95666665,0.94623655,0.96099293,0.98392284,0.97979796,0.97761196,1.0037037,0.9805195
0,1,0,0,3,1,false,0.6527778,0.762987,0.7434211,0.61764705,0.79322034,0.7818792,0.83623695,0.7816901,3,3,0.99333334,1.0752689,1.0851064,1.0643086,1.006734,1.0410448,1.0555556,1.0324675
0,1,0,0,3,1,true,0.7777778,0.83116883,0.7730263,0.66544116,0.7966102,0.7852349,0.85365856,0.7887324,3,3,0.98333335,1.0609319,1.0744681,1.0610932,1.010101,1.0373135,1.0555556,1.0324675
0,1,0,0,4,0,false,0.9965278,0.987013,0.9868421,0.99264705,0.91525424,0.9127517,0.9442509,0.9190141,3,3,0.98,0.9964158,1.0,1.0128617,0.989899,0.98880595,1.0074074,0.9935065
0,1,0,0,4,0,true,0.8854167,0.90584415,0.86513156,0.8382353,0.8881356,0.88590604,0.9198606,0.88380283,3,3,0.97333336,1.0107527,1.0177305,1.0192926,0.989899,0.98880595,1.0185186,0.9935065
0,1,0,0,5,2,false,0.9826389,0.9805195,0.9572368,0.9852941,0.9186441,0.9127517,0.9477352,0.92253524,3,3,0.97333336,0.9964158,1.0035461,1.0096463,0.989899,0.97761196,1.0111111,0.99025977
0,1,0,0,5,2,true,0.9236111,0.9350649,0.8947368,0.89705884,0.8949153,0.88590604,0.92334497,0.89084506,3,3,0.98,1.0286739,1.035461,1.022508,0.98316497,0.98880595,1.0296296,0.9935065
0,1,0,1,1,0,false,0.9513889,0.96428573,0.9375,0.95955884,0.90847456,0.90604025,0.9442509,0.91549295,3,3,0.98333335,1.014337,1.0177305,1.0192926,0.986532,0.98134327,1.0111111,0.9935065
0,1,0,1,1,1,false,0.9722222,1.0032468,0.9802632,1.0147059,1.0169492,1.0100671,1.0069686,1.0246478,3,3,0.99666667,1.0394266,1.0531915,1.0353698,0.98316497,0.9664179,1.0148149,0.99025977
0,1,0,1,1,2,false,0.9270833,0.9448052,0.9144737,0.9227941,0.87118644,0.86577183,0.8989547,0.8450704,3,3,0.9533333,0.9964158,1.0212766,1.0257235,0.97979796,0.9701493,1.0037037,0.97077924
0,1,0,1,2,0,true,1.0173612,0.97402596,0.94078946,0.9485294,0.98644066,0.95302016,0.9547038,0.9330986,3,3,0.97,0.97849464,0.9716312,0.9903537,0.97643095,0.9701493,1.0259259,0.987013
0,1,0,1,2,1,true,0.8923611,0.8961039,0.87171054,0.8786765,1.0677966,1.0503355,1.0243902,1.0880282,3,3,1.0,1.0071684,1.0,1.0064309,0.97643095,0.95522386,1.0185186,0.98376626
0,1,0,1,2,2,true,0.96875,0.8798701,0.8519737,0.8272059,0.9050847,0.88255036,0.8954704,0.83450705,3,3,0.94666666,0.9605735,0.9751773,1.0,0.97643095,0.98507464,1.0296296,0.987013
0,1,0,1,3,1,false,1.0069444,0.987013,0.9572368,1.0,0.9898305,0.9798658,0.9860627,1.0,3,3,0.9866667,1.0250896,1.0248227,1.0160772,0.97306395,0.9589552,1.0185186,0.9805195
0,1,0,1,3,1,true,0.8715278,0.8798701,0.87171054,0.89705884,1.0644068,1.057047,1.0313588,1.0915493,3,3,0.99333334,1.0071684,1.0106384,1.0128617,0.97643095,0.96268654,1.0259259,0.99025977
0,1,0,1,4,0,false,1.0451388,0.987013,0.9440789,0.9742647,0.9491525,0.9362416,0.9581882,0.9366197,3,3,0.96666664,0.9713262,0.9751773,1.0064309,0.97979796,0.98507464,1.0296296,1.0
0,1,0,1,4,0,true,1.0208334,0.97727275,0.9375,0.9411765,0.9898305,0.95637584,0.9477352,0.91549295,3,3,0.9533333,0.953405,0.96099293,0.9903537,0.97643095,0.98134327,1.0296296,0.9967533
0,1,0,1,5,2,false,1.0,0.97727275,0.94078946,0.9411765,0.8881356,0.87583894,0.9094077,0.8556338,3,3,0.93333334,0.9390681,0.9574468,0.9903537,0.96633,0.96268654,1.0,0.96753246
0,1,0,1,5,2,true,0.9756944,0.9415584,0.90789473,0.9191176,0.9661017,0.9328859,0.9407666,0.9084507,3,3,0.94,0.9283154,0.9326241,0.977492,0.969697,1.0,1.0444444,1.012987
0,1,0,2,1,0,false,1.0208334,0.9935065,0.9605263,0.9889706,0.95254236,0.9295302,0.9442509,0.9190141,3,3,0.96,0.97849464,0.9858156,0.98392284,0.956229,0.9589552,1.0185186,0.97727275
0,1,0,2,1,1,false,0.90625,0.8831169,0.85855263,0.9044118,0.9728814,0.95637584,0.9651568,0.97887325,3,3,0.97,0.9964158,1.0035461,0.9903537,0.94949496,0.9589552,1.0259259,0.97727275
0,1,0,2,1,2,false,1.0555556,1.0227273,0.9736842,1.0183823,0.96949154,0.9194631,0.912892,0.8380282,3,3,0.9266667,0.97849464,1.0106384,1.0064309,0.959596,0.99626863,1.0333333,0.9935065
0,1,0,2,2,0,true,1.0902778,1.0324675,0.9769737,0.9705882,1.0135593,0.97651005,0.9581882,0.90140843,3,3,0.94666666,0.9641577,1.0035461,1.0257235,0.97979796,1.0522388,1.0592593,1.0551949
0,1,0,2,2,1,true,0.9236111,0.8961039,0.84539473,0.8382353,0.9932203,0.96644294,0.9547038,0.92253524,3,3,0.95666665,0.94265234,0.9751773,1.0128617,0.989899,1.0671642,1.0666667,1.0616883
0,1,0,2,2,2,true,1.0798612,1.0292208,0.9802632,1.0110294,1.0101695,0.9798658,0.9616725,0.89084506,3,3,0.96,1.014337,1.070922,1.0643086,0.993266,1.0671642,1.0592593,1.0681819
0,1,0,2,3,1,false,0.8645833,0.84090906,0.80921054,0.8272059,0.9830508,0.97651005,0.9581882,0.9612676,3,3,0.97333336,1.0107527,1.0283688,1.022508,0.97306395,0.99626863,1.0333333,1.0097402
0,1,0,2,3,1,true,0.9201389,0.8603896,0.82236844,0.8235294,0.9932203,0.9697987,0.9581882,0.9577465,3,3,0.96666664,0.9892473,1.0106384,1.0160772,0.969697,1.0298507,1.0555556,1.0324675
0,1,0,2,4,0,false,0.9930556,0.9577922,0.92105263,0.9522059,0.95254236,0.9295302,0.9512195,0.9260563,3,3,0.96666664,0.9713262,0.9787234,0.99678457,0.97979796,1.0074627,1.0222223,1.0194805
0,1,0,2,4,0,true,1.0659722,1.0162338,0.96710527,0.95955884,1.0,0.95637584,0.9442509,0.87323946,3,3,0.95,0.9569892,0.9929078,1.022508,0.989899,1.0671642,1.0592593,1.0714285
0,1,0,2,5,2,false,1.0277778,1.0162338,0.9802632,1.0441177,0.9186441,0.90604025,0.92334497,0.8450704,3,3,0.9433333,1.0035843,1.0496454,1.0385852,0.97643095,1.0149254,1.0259259,1.0162338
0,1,0,2,5,2,true,1.1041666,1.0616883,1.0164474,1.0514706,1.0169492,0.9899329,0.9756098,0.92253524,3,3,0.96,1.0,1.0248227,1.0289389,0.97979796,1.0335821,1.0333333,1.0422078
0,1,0,3,1,0,false,1.0034722,0.97727275,0.9506579,0.9889706,0.95932204,0.9362416,0.9547038,0.9260563,3,3,0.96666664,0.9892473,1.0,1.0032154,0.969697,1.0,1.0259259,1.012987
0,1,0,3,1,1,false,0.9826389,0.9448052,0.9243421,0.9816176,0.93559325,0.89597315,0.9198606,0.84859157,3,3,0.93333334,1.0,1.0744681,1.0546623,0.97306395,1.0895523,1.137037,1.0844156
0,1,0,3,1,2,false,0.9826389,0.9448052,0.9177632,0.9632353,0.8949153,0.86577183,0.902439,0.82042253,3,3,0.93666667,0.9749104,1.0248227,1.045016,0.97979796,1.0895523,1.0851852,1.0876623
0,1,0,3,2,0,true,0.9965278,0.9415584,0.90789473,0.9264706,0.95254236,0.9261745,0.9303136,0.8697183,3,3,0.9533333,0.9354839,0.9680851,1.0257235,1.006734,1.0783582,1.0481482,1.0746753
0,1,0,3,2,1,true,0.9548611,0.90584415,0.875,0.8897059,1.040678,0.9966443,0.9581882,0.9084507,3,3,0.94666666,0.9569892,0.9929078,1.0257235,0.98316497,1.0559702,1.0666667,1.0681819
0,1,0,3,2,2,true,0.9618056,0.9253247,0.8980263,0.9191176,0.94237286,0.90604025,0.90592337,0.8169014,3,3,0.93666667,0.9247312,0.9716312,1.0321543,1.003367,1.1007463,1.0703703,1.0909091
0,1,0,3,3,1,false,0.9826389,0.9512987,0.93421054,0.9669118,0.9118644,0.86577183,0.8815331,0.78521127,3,3,0.92,0.9892473,1.0496454,1.0482315,0.956229,1.0746269,1.1111112,1.0779221
0,1,0,3,3,1,true,0.8888889,0.8668831,0.85855263,0.8933824,1.0135593,0.97651005,0.9337979,0.88380283,3,3,0.93333334,0.9569892,1.0141844,1.045016,0.97643095,1.0820895,1.0851852,1.0844156
0,1,0,3,4,0,false,0.9965278,0.97077924,0.95394737,1.0110294,0.9322034,0.9194631,0.9512195,0.9260563,3,3,0.95666665,1.0107527,1.0390071,1.0257235,0.962963,1.0149254,1.0407407,1.0162338
0,1,0,3,4,0,true,0.9444444,0.91558444,0.9013158,0.9338235,0.9830508,0.9496644,0.9303136,0.86619717,3,3,0.9633333,0.9677419,1.0,1.0321543,0.996633,1.0485075,1.0259259,1.0519481
0,1,0,3,5,2,false,0.9618056,0.9350649,0.9144737,0.9852941,0.88135594,0.8691275,0.90592337,0.8415493,3,3,0.97333336,1.0179211,1.0460993,1.045016,0.98316497,1.011194,1.0074074,1.0227273
0,1,0,3,5,2,true,0.9756944,0.9415584,0.92105263,0.9522059,0.94237286,0.90268457,0.90592337,0.8169014,3,3,0.95,0.9569892,0.9893617,1.0257235,0.989899,1.0485075,1.0296296,1.0519481
0,1,0,4,1,0,false,0.9722222,0.9415584,0.9309211,0.97794116,0.9288136,0.9194631,0.9477352,0.9260563,3,3,0.96,0.98207885,1.0,1.0096463,0.969697,0.9925373,1.0111111,1.0097402
0,1,0,4,1,1,false,0.9652778,0.9383117,0.9243421,0.9669118,0.9457627,0.942953,0.9616725,0.9507042,3,3,0.9533333,0.9498208,0.9787234,1.0,0.97979796,1.0447761,1.0037037,1.012987
0,1,0,4,1,2,false,0.9583333,0.9220779,0.9177632,0.9852941,0.93559325,0.9295302,0.9442509,0.89084506,3,3,0.9766667,1.0645162,1.0957447,1.0546623,0.96633,1.0186567,1.0481482,1.0292208
0,1,0,4,2,0,true,0.9722222,0.9350649,0.9243421,0.9669118,0.91525424,0.89261746,0.9268293,0.88380283,3,3,0.92333335,0.9390681,0.9716312,0.99356914,0.95286196,1.0261194,1.0518519,1.025974
0,1,0,4,2,1,true,0.9479167,0.91558444,0.9013158,0.9411765,0.94237286,0.9261745,0.9442509,0.9084507,3,3,0.96,0.9605735,0.9787234,1.0032154,0.97306395,1.0186567,1.0074074,1.025974
0,1,0,4,2,2,true,0.96875,0.9285714,0.92105263,0.9669118,0.9118644,0.89597315,0.9303136,0.8873239,3,3,0.95,0.9749104,0.9858156,0.99356914,0.956229,0.9925373,1.0296296,1.0097402
0,1,0,4,3,1,false,0.96875,0.9318182,0.9144737,0.9485294,0.89830506,0.88255036,0.92334497,0.8943662,3,3,0.8566667,0.7706093,0.83687943,0.9581994,0.97643095,1.1268656,1.062963,1.0584415
0,1,0,4,3,1,true,0.9583333,0.91233766,0.8947368,0.9264706,0.9118644,0.8892617,0.9163763,0.8697183,3,3,0.83,0.7706093,0.82978725,0.948553,0.956229,1.1044776,1.0925926,1.0551949
0,1,0,4,4,0,false,0.96875,0.9318182,0.9177632,0.95955884,0.9118644,0.90604025,0.9372822,0.9119718,3,3,0.9266667,0.9139785,0.9326241,0.9678457,0.956229,0.98880595,1.0037037,1.0
0,1,0,4,4,0,true,0.9548611,0.91883117,0.9013158,0.9375,0.93559325,0.9194631,0.9372822,0.9084507,3,3,0.89,0.8458781,0.88297874,0.9581994,0.959596,1.0298507,1.0222223,1.0097402
0,1,0,4,5,2,false,0.9444444,0.9025974,0.9013158,0.9632353,0.9457627,0.94630873,0.9442509,0.8802817,3,3,0.93,0.9498208,0.9929078,1.0257235,0.98316497,1.0559702,1.0666667,1.0649351
0,1,0,4,5,2,true,0.9479167,0.90584415,0.88486844,0.9117647,0.95254236,0.9295302,0.9372822,0.9049296,3,3,0.87333333,0.8207885,0.87234044,0.96463025,0.96633,1.0783582,1.0518519,1.038961
0,1,1,0,1,0,false,1.0067568,1.0035336,1.0091743,1.0170068,0.98275864,0.98407644,0.99358976,0.99691355,3,2,1.0,1.0065573,0.99626863,1.0,1.0034364,0.9727891,0.96763754,0.96219933
0,1,1,0,1,1,false,0.777027,0.75618374,0.795107,0.6020408,0.8689655,0.8566879,0.86538464,0.80246913,3,2,0.95422536,0.9934426,1.0074627,1.0159744,1.0137457,1.0102041,1.0355988,1.0068729
0,1,1,0,1,2,false,0.972973,1.0388693,1.0244648,1.0544218,0.93793106,0.9426752,0.97115386,0.95987654,3,2,0.9471831,0.9311475,0.91791046,0.96805114,1.0206186,0.9897959,0.99029124,0.9484536
0,1,1,0,2,0,true,0.8513514,0.89399296,0.9143731,0.8877551,0.8827586,0.8980892,0.9230769,0.8888889,3,2,0.9084507,0.89180326,0.9029851,0.9776358,1.0378007,1.0136055,1.0291262,0.9587629
0,1,1,0,2,1,true,0.75,0.79151946,0.79204893,0.6564626,0.82758623,0.8248408,0.8557692,0.787037,3,2,0.8943662,0.90163934,0.9141791,0.98722047,1.0446736,1.0204082,1.0355988,0.95189005
0,1,1,0,2,2,true,1.0304054,1.0812721,1.0733945,1.1224489,0.96896553,0.93630576,0.9551282,0.92901236,3,2,0.9683099,0.9737705,0.9365672,0.9744409,1.0343642,0.97959185,0.84789646,0.8453608
0,1,1,0,3,1,false,0.7263514,0.80212015,0.78287464,0.70408165,0.9,0.8757962,0.88461536,0.8333333,3,2,0.92957747,0.98032784,0.9701493,0.99680513,1.0378007,1.0340136,0.99352753,0.82474226
0,1,1,0,3,1,true,0.7128378,0.7809187,0.78899086,0.67687076,0.8172414,0.8089172,0.84615386,0.7777778,3,2,0.89788735,0.9147541,0.9328358,0.99680513,1.0446736,1.0306122,1.0355988,0.92783505
0,1,1,0,4,0,false,0.9831081,1.024735,1.0366973,1.0476191,0.9310345,0.95859873,0.98717946,0.9351852,3,2,0.98239434,1.0032787,0.95149255,0.98722047,1.04811,1.0,0.89644015,0.84879726
0,1,1,0,4,0,true,0.8682432,0.9293286,0.941896,0.9489796,0.8896552,0.8980892,0.92948717,0.8981481,3,2,0.943662,0.9770492,0.95522386,0.99041533,1.0378007,1.0136055,0.90614885,0.8006873
0,1,1,0,5,2,false,0.9256757,0.9893993,0.9877676,1.0238096,0.9172414,0.92038214,0.94871795,0.92901236,3,2,0.9577465,0.96065575,0.9365672,0.9776358,1.0274915,0.99319726,0.89320385,0.84192437
0,1,1,0,5,2,true,0.8817568,0.9434629,0.9510703,0.9659864,0.9275862,0.92038214,0.9391026,0.91049385,3,2,0.9471831,0.9639344,0.9402985,0.98402554,1.0378007,1.0170068,0.90614885,0.8041237
0,1,1,1,1,0,false,0.8986486,0.96113074,0.96636087,1.0,0.91034484,0.91401273,0.9423077,0.9228395,3,2,0.9577465,0.9770492,0.95522386,0.98722047,1.0343642,1.0,0.8899676,0.8213059
0,1,1,1,1,1,false,0.9628378,1.0424029,1.0183486,1.0714285,0.98275864,0.9745223,0.99358976,1.0061729,3,2,0.97887325,0.98688525,0.95522386,0.98722047,1.0343642,0.9897959,0.8899676,0.838488
0,1,1,1,1,2,false,0.8682432,0.93286216,0.941896,0.9863946,0.86206895,0.89171976,0.92628205,0.8888889,3,2,0.9260563,0.9311475,0.8992537,0.9488818,1.0171821,0.99659866,0.8543689,0.7938144
0,1,1,1,2,0,true,0.9222973,0.99646646,0.9938838,1.0714285,0.9034483,0.89171976,0.9519231,0.9660494,3,2,0.98239434,0.9836066,0.95149255,0.98402554,1.0274915,0.9863946,0.8737864,0.84192437
0,1,1,1,2,1,true,0.8952703,0.9540636,0.96636087,0.9863946,1.0,0.96496814,0.9775641,0.9845679,3,2,0.99647886,1.0098361,0.9738806,1.0,1.04811,1.0170068,0.9158576,0.8281787
0,1,1,1,2,2,true,0.875,0.9081272,0.9235474,0.96938777,0.8206897,0.85350317,0.9198718,0.8888889,3,2,0.85915494,0.78688526,0.79850745,0.942492,1.0446736,1.0884354,1.1067961,1.0343642
0,1,1,1,3,1,false,0.9493243,1.0176679,1.0061162,1.0476191,0.99310344,0.977707,0.99358976,0.99382716,3,2,0.9683099,0.9737705,0.94402987,0.98402554,1.0378007,1.0034014,0.9029126,0.8178694
0,1,1,1,3,1,true,0.8885135,0.95053005,0.95412844,0.9897959,0.99310344,0.97133756,0.99038464,1.0092592,3,2,0.9894366,1.0032787,0.9664179,1.0,1.0412371,1.0102041,0.9093851,0.82474226
0,1,1,1,4,0,false,0.9797297,1.0106007,0.9938838,1.0408163,0.9413793,0.93949044,0.9647436,0.9506173,3,2,0.97183096,0.9704918,0.9402985,0.9776358,1.0309278,0.9897959,0.8737864,0.8453608
0,1,1,1,4,0,true,0.9425676,0.99293286,0.9908257,1.0612245,0.8965517,0.88535035,0.94551283,0.94135803,3,2,0.96478873,0.98032784,0.94402987,0.9776358,1.0309278,1.0204082,0.9255663,0.8006873
0,1,1,1,5,2,false,0.875,0.9116608,0.9296636,0.9727891,0.8724138,0.91082805,0.9326923,0.8888889,3,2,0.9330986,0.9245902,0.89179105,0.95527154,1.024055,1.0136055,0.8673139,0.8041237
0,1,1,1,5,2,true,0.902027,0.94699645,0.96330273,1.0374149,0.8827586,0.888535,0.9391026,0.92901236,3,2,0.9330986,0.9409836,0.9141791,0.971246,1.0274915,1.0476191,0.9579288,0.79725087
0,1,1,2,1,0,false,0.9459459,0.98233217,0.98165137,1.0374149,0.92068964,0.9235669,0.96153843,0.94753087,3,2,0.9753521,0.9836066,0.9589552,0.98722047,1.0274915,1.0068027,0.9029126,0.85223365
0,1,1,2,1,1,false,0.8716216,0.9116608,0.9296636,1.0238096,0.8551724,0.8694267,0.9391026,0.9228395,3,2,0.99647886,1.0327868,0.98880595,0.9936102,1.0378007,0.9863946,0.8640777,0.8178694
0,1,1,2,1,2,false,0.9290541,0.96466434,0.96941894,1.0646259,0.91034484,0.95859873,0.974359,0.9660494,3,2,0.9366197,0.947541,0.9589552,0.98722047,1.0206186,1.0476191,1.0453074,0.9896907
0,1,1,2,2,0,true,0.9898649,1.0176679,1.0,1.0714285,0.90689653,0.9299363,0.974359,0.9814815,3,2,1.0211267,1.0196722,1.0149254,1.0063897,1.0137457,1.0578232,1.0420712,1.0343642
0,1,1,2,2,1,true,0.8581081,0.8621908,0.8868502,0.9659864,0.8862069,0.87261146,0.92628205,0.91358024,3,2,0.9471831,0.904918,0.9291045,1.0,1.0446736,1.1496599,1.1100323,1.1065292
0,1,1,2,2,2,true,0.9966216,1.0070671,0.9847095,1.0476191,0.92068964,0.92038214,0.9647436,0.9660494,3,2,0.97183096,0.9508197,0.9738806,1.0031949,1.024055,1.0952381,1.0647249,1.0584192
0,1,1,2,3,1,false,0.875,0.89045936,0.9082569,0.9863946,0.9034483,0.9076433,0.94551283,0.9228395,3,2,0.9859155,0.9770492,0.9738806,1.0,1.0309278,1.0136055,1.0161812,0.99656355
0,1,1,2,3,1,true,0.8986486,0.90459365,0.9266055,1.0204082,0.8724138,0.8503185,0.9230769,0.9074074,3,2,0.9683099,0.9245902,0.9291045,0.98722047,1.0378007,1.085034,1.0744337,1.0652921
0,1,1,2,4,0,false,0.9831081,1.0,0.9908257,1.0442177,0.9758621,0.95859873,0.9775641,0.9660494,3,2,0.9683099,0.947541,0.94402987,0.98722047,1.0274915,1.0204082,1.0194175,0.9862543
0,1,1,2,4,0,true,1.0202702,1.024735,1.0091743,1.0816326,0.94482756,0.93630576,0.9775641,0.97530866,3,2,1.0246478,1.0163934,0.99626863,0.99041533,1.0103092,1.0442177,1.0226537,1.0137457
0,1,1,2,5,2,false,0.9493243,0.98233217,0.9877676,1.0816326,0.9517241,0.9808917,0.974359,0.95987654,3,2,0.98239434,1.0,0.9664179,0.96805114,1.0137457,0.9897959,0.9352751,0.91752577
0,1,1,2,5,2,true,1.0,1.0318022,1.0152905,1.0952381,0.9551724,0.9808917,1.0064102,1.0092592,3,2,1.0246478,1.0295082,1.0186567,0.99680513,1.0103092,1.0476191,1.0323625,1.0103092
0,1,1,3,1,0,false,0.9898649,1.0070671,0.9969419,1.0442177,0.98275864,0.977707,0.99038464,0.97839504,3,2,0.9929578,0.9704918,0.96268654,0.9936102,1.024055,1.0272108,1.0226537,1.0171821
0,1,1,3,1,1,false,0.9358108,0.93639576,0.9510703,1.0204082,0.9724138,0.9872612,0.98717946,0.95679015,3,2,0.90140843,0.8786885,0.91791046,1.0,1.0584192,1.1530613,1.1262136,1.1202749
0,1,1,3,1,2,false,0.9695946,0.97879857,0.9724771,1.0476191,0.9137931,0.91082805,0.96153843,0.9444444,3,2,1.0211267,1.0262295,1.0373135,1.0319489,1.0446736,1.1462585,1.0841424,1.1202749
0,1,1,3,2,0,true,0.9695946,0.96466434,0.96024466,1.0272108,0.95862067,0.9490446,0.974359,0.962963,3,2,1.0739436,1.0819672,1.0708956,1.0351437,1.0343642,1.1020408,1.0420712,1.0927835
0,1,1,3,2,1,true,1.0101352,1.0106007,0.96330273,1.0340136,1.0,0.98407644,0.974359,0.92901236,3,2,0.8309859,0.8032787,0.8768657,0.99680513,1.0756013,1.2789116,1.2006472,1.1958762
0,1,1,3,2,2,true,0.9560811,0.98233217,0.96330273,1.0136055,0.9862069,0.9808917,0.98397434,0.962963,3,2,1.0528169,1.0393443,1.0373135,1.0319489,1.0343642,1.1020408,1.0355988,1.0927835
0,1,1,3,3,1,false,0.9256757,0.9116608,0.9082569,0.93537414,1.0586207,1.0318471,0.98397434,0.9259259,3,2,0.88380283,0.8098361,0.8470149,0.971246,1.0584192,1.2210884,1.1391586,1.1477664
0,1,1,3,3,1,true,0.8716216,0.8763251,0.88990825,0.9489796,1.0551724,1.0382166,0.9967949,0.9660494,3,2,0.9929578,0.9573771,0.99626863,1.0415336,1.0378007,1.1462585,1.0679612,1.1202749
0,1,1,3,4,0,false,0.9662162,0.98233217,0.96941894,1.0136055,0.97931033,0.9681529,0.9807692,0.94753087,3,2,0.9330986,0.87540984,0.8955224,0.9936102,1.0549828,1.0884354,1.0711974,1.0515463
0,1,1,3,4,0,true,0.9155405,0.93639576,0.9357798,0.9829932,0.97931033,0.9872612,0.9775641,0.9506173,3,2,1.0211267,0.9737705,0.97761196,1.0159744,1.0412371,1.1156462,1.0550162,1.0893471
0,1,1,3,5,2,false,0.9594595,0.9717314,0.95412844,1.0306122,0.9034483,0.91401273,0.96153843,0.92901236,3,2,1.028169,1.0229508,1.0410448,1.0479233,1.0515463,1.1224489,1.0550162,1.1202749
0,1,1,3,5,2,true,0.9763514,0.97879857,0.9724771,1.0340136,0.95862067,0.9490446,0.974359,0.9537037,3,2,1.0457747,1.0360656,1.0447761,1.0415336,1.0446736,1.1190476,1.05178,1.1030928
0,1,1,4,1,0,false,1.0135136,1.024735,1.0061162,1.0680273,1.0172414,1.0,1.0064102,0.9907407,3,2,1.0035211,0.9770492,0.98507464,1.0159744,1.0343642,1.0680273,1.0355988,1.0549828
0,1,1,4,1,1,false,0.9966216,1.0035336,0.9908257,1.0510204,1.0034482,0.99681526,1.0032052,0.9876543,3,2,1.0422535,1.0098361,0.99626863,1.0031949,1.024055,1.0714285,1.0194175,1.0549828
0,1,1,4,1,2,false,1.0067568,1.0176679,0.9908257,1.0680273,0.98275864,0.96496814,0.98717946,0.97530866,3,2,0.98239434,0.98032784,1.0335821,1.0543131,1.0618557,1.1258503,1.0970874,1.1099657
0,1,1,4,2,0,true,0.9831081,0.99646646,0.9877676,1.0578232,1.0,0.99044585,1.0032052,0.9814815,3,2,0.95422536,0.9114754,0.9477612,1.0191693,1.0687286,1.1190476,1.1035599,1.0927835
0,1,1,4,2,1,true,0.9155405,0.9222615,0.941896,1.0,1.0206896,1.022293,0.99038464,0.9506173,3,2,1.0176057,1.0098361,1.0149254,1.0159744,1.0206186,1.0748299,1.0226537,1.0343642
0,1,1,4,2,2,true,0.9358108,0.9293286,0.93272173,0.97619045,0.9862069,0.977707,0.9807692,0.9537037,3,2,0.9683099,0.9311475,0.98134327,1.0383387,1.0515463,1.085034,1.0550162,1.0859107
0,1,1,4,3,1,false,0.9527027,0.96466434,0.96941894,1.0136055,0.99655175,0.9872612,0.99038464,0.962963,3,2,1.0246478,0.9770492,0.9589552,0.9936102,1.0206186,1.0476191,1.0,1.0412371
0,1,1,4,3,1,true,0.9324324,0.95053005,0.96024466,1.0034014,1.0034482,1.0,0.99358976,0.9722222,3,2,1.0070423,0.9672131,0.96268654,1.0031949,1.0171821,1.0442177,0.99676377,1.024055
0,1,1,4,4,0,false,0.9797297,0.99646646,0.9908257,1.0442177,0.9758621,0.9681529,0.98717946,0.95987654,3,2,0.9683099,0.91803277,0.9328358,1.0063897,1.0412371,1.0646259,1.0453074,1.04811
0,1,1,4,4,0,true,0.9358108,0.94699645,0.96024466,1.0170068,0.9862069,0.9936306,0.99358976,0.9660494,3,2,0.9119718,0.8622951,0.8880597,0.9936102,1.0378007,1.0884354,1.0582525,1.0378007
0,1,1,4,5,2,false,0.9560811,0.9575972,0.9571865,1.0170068,0.93793106,0.933121,0.9647436,0.9259259,3,2,0.9753521,0.92786884,0.9738806,1.0479233,1.0584192,1.1462585,1.0906149,1.1546391
0,1,1,4,5,2,true,0.9358108,0.96466434,0.96636087,1.0170068,0.94827586,0.9490446,0.9775641,0.9444444,3,2,0.9577465,0.89180326,0.92164177,1.0159744,1.0515463,1.0680273,1.0485437,1.0756013
