Finger,Stage,Level,Bend,Cols1,Rows1,SG1_0,SG1_1,SG1_2,SG1_3,Cols2,Rows2,SG2_0,SG2_1,SG2_2,SG2_3,Cols3,Rows3,SG3_0,SG3_1,SG3_2,SG3_3,Cols4,Rows4,SG4_0,SG4_1,SG4_2,SG4_3
0,1,0,false,0,0,1.0,1.0132014,1.0070175,1.0100335,0,2,1.0202702,1.0094937,1.0140351,1.0124611,4,1,1.0064934,1.0129449,0.9861111,0.99068326,4,3,0.983871,0.9769737,0.9807692,0.96644294
0,1,1,false,0,0,0.9875,0.83168316,0.98245615,0.8561873,0,2,0.9054054,0.65822786,0.94736844,0.5576324,4,1,0.9935065,1.0388349,1.03125,0.99378884,4,3,1.032258,0.9375,1.0416666,0.9328859
0,1,2,false,0,0,1.053125,1.019802,1.0491228,1.0367893,0,2,1.0912162,1.0253165,1.045614,1.0280374,4,1,1.012987,1.05178,0.9895833,1.0062112,4,3,1.0,0.9802632,0.99038464,0.97651005
0,2,0,true,0,0,0.9875,0.9471947,0.97894734,0.9765886,0,2,1.0033784,0.971519,0.98245615,0.9657321,4,1,1.0162338,1.0809062,1.0069444,1.0124223,4,3,1.0064516,0.9309211,1.0032052,0.9261745
0,2,1,true,0,0,0.9125,0.6138614,0.95789474,0.70234114,0,2,1.0405406,0.23734178,1.431579,0.211838,4,1,0.9805195,1.1067961,1.0798612,1.0186335,4,3,1.0548387,0.84539473,1.0897436,0.8557047
0,2,2,true,0,0,1.346875,0.9570957,1.3403509,1.0468228,0,2,1.277027,1.1170886,1.1614035,1.1308411,4,1,0.97727275,1.0744337,0.9305556,1.015528,4,3,0.9645161,0.9177632,0.9358974,0.95302016
0,3,1,false,0,0,0.96875,0.7425743,0.96842104,0.81270903,0,2,0.8817568,0.6329114,0.9649123,0.5638629,4,1,1.0194805,1.1165049,1.0451388,1.0372671,4,3,1.032258,0.87828946,1.0352564,0.9127517
0,3,1,true,0,0,0.85625,0.64026403,0.8877193,0.71571904,0,2,0.9391892,0.26265824,1.1719298,0.19314642,4,1,0.97727275,1.0841424,1.0590278,1.0031056,4,3,1.0387096,0.8355263,1.051282,0.84563756
0,4,0,false,0,0,0.984375,0.96369636,0.98245615,0.99331105,0,2,1.0067568,0.98734176,0.98245615,0.97819316,4,1,1.0162338,1.0938511,1.0,1.0217391,4,3,1.0032258,0.8684211,0.99038464,0.909396
0,4,0,true,0,0,0.928125,0.9273927,0.9368421,0.95652175,0,2,0.972973,0.9493671,0.9614035,0.94392526,4,1,1.0194805,1.0906149,1.0069444,1.0217391,4,3,1.0064516,0.8815789,0.9967949,0.909396
0,5,2,false,0,0,0.99375,1.0792079,1.0245614,1.0836121,0,2,1.0945946,1.0189873,1.0175439,1.0373832,4,1,0.97402596,1.0873786,0.9444444,1.015528,4,3,0.9612903,0.9177632,0.9391026,0.95637584
0,5,2,true,0,0,1.134375,0.9933993,1.1298245,1.0535117,0,2,1.2263514,1.0981013,1.1087719,1.1152648,4,1,0.9448052,1.0550162,0.90625,0.9968944,4,3,0.9483871,0.9013158,0.9326923,0.9395973
1,1,0,false,0,0,0.940625,0.9669967,0.94736844,0.9765886,0,2,0.972973,0.98734176,0.9614035,0.97819316,4,1,1.012987,1.1003237,0.9895833,1.0217391,4,3,0.983871,0.85855263,0.9807692,0.89597315
1,1,1,false,0,0,0.89375,0.8448845,0.81403506,0.9063545,0,2,0.8986486,0.9968355,0.94736844,0.99065423,4,1,1.0194805,1.0873786,0.9930556,1.015528,4,3,1.0032258,0.86513156,1.0032052,0.90268457
1,1,2,false,0,0,0.9625,0.9867987,0.9263158,0.9866221,0,2,1.097973,0.9651899,1.0210526,0.97196263,4,1,0.9512987,1.0711974,0.9166667,1.0186335,4,3,0.9677419,0.8947368,0.9102564,0.9597315
1,2,0,true,0,0,0.859375,0.9339934,0.79298246,0.91973245,0,2,0.9054054,0.9177215,0.9263158,0.92211837,4,1,1.0,1.1035599,0.9756944,1.0186335,4,3,1.0064516,0.8618421,0.98717946,0.90268457
1,2,1,true,0,0,0.878125,0.63036305,0.7719298,0.7424749,0,2,0.7972973,0.9113924,0.9122807,0.93457943,4,1,1.0357143,1.1100323,1.0173612,1.0217391,4,3,1.0193548,0.85855263,1.0256411,0.90268457
1,2,2,true,0,0,0.928125,0.7425743,0.8736842,0.8060201,0,2,0.9358108,0.7563291,0.97894734,0.8099688,4,1,1.0162338,1.1391586,0.9895833,1.0465839,4,3,1.0193548,0.8815789,0.98397434,0.9362416
1,3,1,false,0,0,0.890625,0.81848186,0.81754386,0.88294315,0,2,0.8716216,0.9556962,0.91929823,0.94392526,4,1,1.0162338,1.0614886,1.0034722,0.99378884,4,3,1.0129032,0.8388158,1.0128205,0.852349
1,3,1,true,0,0,0.878125,0.6270627,0.75789475,0.729097,0,2,0.777027,0.8829114,0.8912281,0.9096573,4,1,1.0324675,1.0776699,1.0277778,0.9968944,4,3,1.0225806,0.8388158,1.0352564,0.8624161
1,4,0,false,0,0,0.9,0.8745875,0.8947368,0.9063545,0,2,0.9290541,0.9398734,0.94385964,0.9314642,4,1,1.025974,1.0970874,1.0104166,1.0062112,4,3,1.0,0.8552632,0.9967949,0.8791946
1,4,0,true,0,0,0.80625,0.8217822,0.73333335,0.84615386,0,2,0.8648649,0.8892405,0.9263158,0.8847352,4,1,1.012987,1.0841424,1.0069444,1.0031056,4,3,1.0193548,0.84210527,1.0032052,0.8724832
1,5,2,false,0,0,0.915625,0.85148513,0.9157895,0.89966553,0,2,0.9898649,0.8670886,0.9859649,0.9003115,4,1,0.987013,1.1132686,0.96875,1.0372671,4,3,1.0129032,0.88486844,0.9551282,0.9328859
1,5,2,true,0,0,0.9125,0.7227723,0.8842105,0.7792642,0,2,0.9222973,0.73101264,0.97192985,0.7725857,4,1,0.97402596,1.1100323,0.9756944,1.0248448,4,3,1.0225806,0.8684211,0.98397434,0.909396
2,1,0,false,0,0,0.96875,0.8613861,0.97192985,0.91973245,0,2,0.9527027,0.9113924,0.9649123,0.9127726,4,1,1.0032468,1.1035599,0.9861111,1.0124223,4,3,0.9935484,0.8618421,0.98717946,0.8791946
2,1,1,false,0,0,1.025,0.8151815,1.0140351,0.8729097,0,2,0.9290541,0.87974685,0.97894734,0.89719623,4,1,0.9805195,1.0906149,0.9618056,1.0279503,4,3,0.9967742,0.88486844,0.99358976,0.90268457
2,1,2,false,0,0,0.834375,0.76237625,0.7719298,0.8428094,0,2,0.8006757,0.863924,0.8912281,0.87227416,4,1,0.987013,1.0129449,0.9618056,0.9689441,4,3,1.0193548,0.8618421,0.96794873,0.8691275
2,2,0,true,0,0,0.79375,0.8118812,0.7508772,0.8294314,0,2,0.8581081,0.87025315,0.9157895,0.8753894,4,1,1.012987,0.88349515,1.0138888,0.8819876,4,3,1.0709678,0.82894737,1.0288461,0.83557045
2,2,1,true,0,0,0.940625,0.7920792,0.9017544,0.8361204,0,2,0.8716216,0.8544304,0.9614035,0.8753894,4,1,0.9967533,1.0388349,0.9791667,0.99378884,4,3,1.0258064,0.87828946,0.9967949,0.8691275
2,2,2,true,0,0,0.80625,0.7260726,0.7263158,0.82608694,0,2,0.777027,0.8670886,0.8736842,0.8847352,4,1,1.0064934,0.9223301,0.9895833,0.9285714,4,3,1.0387096,0.8355263,0.96794873,0.8624161
2,3,1,false,0,0,0.965625,0.84158415,0.95789474,0.88294315,0,2,0.9324324,0.93037975,0.95438594,0.9283489,4,1,0.9805195,1.0097088,0.9548611,0.98136646,4,3,1.0064516,0.84539473,0.98397434,0.8389262
2,3,1,true,0,0,0.909375,0.8019802,0.8807018,0.8361204,0,2,0.8952703,0.8955696,0.95438594,0.90654206,4,1,0.98376626,0.8414239,0.9444444,0.89751554,4,3,1.032258,0.8519737,0.98397434,0.8422819
2,4,0,false,0,0,0.89375,0.8778878,0.8947368,0.909699,0,2,0.9155405,0.9398734,0.94736844,0.9314642,4,1,1.0097402,1.0129449,0.9791667,0.9627329,4,3,0.9935484,0.84539473,0.9775641,0.8389262
2,4,0,true,0,0,0.834375,0.8085809,0.8105263,0.8428094,0,2,0.8851351,0.90822786,0.9263158,0.90342677,4,1,1.012987,0.89320385,1.0104166,0.90993786,4,3,1.0580645,0.8519737,1.0128205,0.83557045
2,5,2,false,0,0,0.84375,0.8118812,0.7894737,0.8729097,0,2,0.8344595,0.89873415,0.9122807,0.89096576,4,1,0.9967533,0.95469254,0.9791667,0.9689441,4,3,1.0258064,0.86513156,0.96153843,0.8624161
2,5,2,true,0,0,0.821875,0.81848186,0.78245616,0.8729097,0,2,0.8412162,0.9113924,0.89824563,0.90654206,4,1,1.0324675,0.8414239,0.9965278,0.878882,4,3,1.032258,0.82894737,0.98717946,0.82550335
3,1,0,false,0,0,0.928125,0.8580858,0.93333334,0.89966553,0,2,0.9324324,0.9177215,0.95438594,0.9190031,4,1,1.012987,1.0355988,1.0034722,0.98447204,4,3,1.0129032,0.8388158,0.9807692,0.852349
3,1,1,false,0,0,0.921875,0.7986799,0.9157895,0.8528428,0,2,0.9222973,0.87341774,0.94736844,0.8785047,4,1,0.98376626,0.9093851,0.9791667,0.95652175,4,3,0.9903226,0.8486842,0.974359,0.82214767
3,1,2,false,0,0,0.909375,0.8151815,0.9017544,0.8561873,0,2,0.9256757,0.8829114,0.9649123,0.88785046,4,1,0.97077924,0.89644015,0.9131944,0.9378882,4,3,0.9645161,0.81578946,0.92948717,0.83557045
3,2,0,true,0,0,0.925,0.7590759,0.91929823,0.82608694,0,2,0.902027,0.85126585,0.95789474,0.86915886,4,1,0.97077924,0.96763754,0.9340278,0.9409938,4,3,1.0096774,0.80921054,0.974359,0.8322148
3,2,1,true,0,0,0.875,0.7953795,0.86315787,0.8394649,0,2,0.8986486,0.8924051,0.92280704,0.89096576,4,1,0.97077924,0.66019416,0.9722222,0.84782606,4,3,1.0258064,0.73355263,1.0192307,0.70469797
3,2,2,true,0,0,0.896875,0.77557755,0.9052632,0.8361204,0,2,0.9121622,0.8607595,0.9508772,0.88785046,4,1,0.9253247,0.8770226,0.9166667,0.9068323,4,3,1.0032258,0.7763158,0.9391026,0.81208056
3,3,1,false,0,0,0.89375,0.8745875,0.8947368,0.9063545,0,2,0.9222973,0.9272152,0.93333334,0.9096573,4,1,0.97727275,0.828479,0.9618056,0.9378882,4,3,1.0032258,0.8190789,0.99038464,0.7852349
3,3,1,true,0,0,0.884375,0.8019802,0.8736842,0.84949833,0,2,0.9222973,0.87974685,0.9508772,0.88785046,4,1,0.96103895,0.6699029,0.9166667,0.8416149,4,3,0.9612903,0.7631579,0.96153843,0.7516779
3,4,0,false,0,0,0.93125,0.88448846,0.93333334,0.91973245,0,2,0.9628378,0.9335443,0.9859649,0.92523366,4,1,0.96428573,0.95469254,0.9375,0.9409938,4,3,0.9516129,0.8355263,0.9551282,0.8322148
3,4,0,true,0,0,0.95,0.7821782,0.9508772,0.8394649,0,2,0.9189189,0.863924,0.9754386,0.88161993,4,1,0.9805195,0.9158576,0.9340278,0.89440995,4,3,0.9806452,0.8125,0.9583333,0.8489933
3,5,2,false,0,0,0.903125,0.8019802,0.89824563,0.8561873,0,2,0.9222973,0.8892405,0.9614035,0.894081,4,1,0.9025974,0.8414239,0.8784722,0.8913044,4,3,0.9548387,0.78289473,0.92948717,0.82550335
3,5,2,true,0,0,0.909375,0.78547853,0.8912281,0.8361204,0,2,0.8986486,0.886076,0.95438594,0.90342677,4,1,0.8961039,0.828479,0.8958333,0.88819873,4,3,0.9870968,0.7269737,0.9326923,0.7785235
4,1,0,false,0,0,0.946875,0.8448845,0.95789474,0.90301,0,2,0.9459459,0.914557,0.97192985,0.92211837,4,1,0.9480519,1.0323625,0.9305556,0.9658385,4,3,0.9774194,0.84210527,0.9647436,0.82214767
4,1,1,false,0,0,0.965625,0.82838285,0.9754386,0.8862876,0,2,0.9459459,0.90189874,0.97894734,0.9096573,4,1,0.97727275,0.9223301,0.8958333,0.9006211,4,3,0.9419355,0.7730263,0.9166667,0.8422819
4,1,2,false,0,0,0.86875,0.77557755,0.8701754,0.8394649,0,2,0.8851351,0.8924051,0.91929823,0.9376947,4,1,0.9318182,0.74433655,0.9652778,0.878882,4,3,0.9967742,0.6940789,0.9807692,0.73489934
4,2,0,true,0,0,0.925,0.71947193,0.9263158,0.8026756,0,2,0.902027,0.8259494,0.94736844,0.86915886,4,1,0.9318182,0.89644015,0.8611111,0.86024845,4,3,0.9741936,0.78289473,0.9423077,0.83557045
4,2,1,true,0,0,0.978125,0.7293729,0.97894734,0.8160535,0,2,0.9222973,0.806962,0.97894734,0.8598131,4,1,0.9480519,1.0,0.8784722,0.89440995,4,3,0.9645161,0.8125,0.92628205,0.8691275
4,2,2,true,0,0,0.921875,0.7260726,0.9122807,0.819398,0,2,0.8986486,0.81329113,0.9508772,0.84423673,4,1,0.91233766,0.90614885,0.9027778,0.95652175,4,3,0.9677419,0.8486842,0.9519231,0.86577183
4,3,1,false,0,0,0.953125,0.8448845,0.95789474,0.8929766,0,2,0.9459459,0.90822786,0.97894734,0.9283489,4,1,1.0194805,0.8252427,0.9027778,0.863354,4,3,1.0,0.85855263,0.9807692,0.8892617
4,3,1,true,0,0,0.95,0.7458746,0.94385964,0.82608694,0,2,0.9054054,0.8386076,0.9649123,0.89096576,4,1,1.012987,1.0226537,0.9513889,0.91925466,4,3,1.0258064,0.9177632,1.0192307,0.9194631
4,4,0,false,0,0,0.953125,0.8118812,0.94385964,0.8729097,0,2,0.9358108,0.90189874,0.96842104,0.9127726,4,1,0.9967533,1.0453074,0.9791667,0.9751553,4,3,1.0290322,0.9440789,1.0224359,0.9261745
4,4,0,true,0,0,0.94375,0.76237625,0.93333334,0.82274246,0,2,0.902027,0.8449367,0.9614035,0.89096576,4,1,0.96753246,0.9482201,0.9131944,0.9068323,4,3,1.0129032,0.9013158,0.99358976,0.90604025
4,5,2,false,0,0,0.90625,0.77227724,0.8947368,0.8394649,0,2,0.902027,0.863924,0.94385964,0.89096576,4,1,1.0032468,0.9385113,0.9756944,1.0062112,4,3,1.0290322,0.89144737,1.0160257,0.89597315
4,5,2,true,0,0,0.9,0.6930693,0.877193,0.7792642,0,2,0.847973,0.7721519,0.93333334,0.84423673,4,1,0.97077924,0.98058254,0.9270833,0.9782609,4,3,1.0193548,0.9111842,1.0160257,0.9228188
0,1,0,false,1,0,1.0064102,1.0,0.99331105,1.0,1,2,0.9864865,0.982699,0.96374625,0.9726444,3,1,0.97133756,0.9537954,0.9621451,0.9570957,3,3,0.96644294,1.0162866,0.996997,1.0337838
0,1,1,false,1,0,0.86858976,0.9768212,0.88294315,0.9619377,1,2,0.8581081,1.0138408,0.83685803,0.98176295,3,1,0.955414,1.0825082,0.95268136,1.009901,3,3,0.97315437,1.0879478,0.987988,1.0844594
0,1,2,false,1,0,1.0320513,0.9437086,0.9765886,0.9688581,1,2,1.0033784,0.9584775,0.93957704,1.012158,3,1,0.92038214,0.91749173,0.91167194,0.9339934,3,3,0.9194631,0.9837133,0.957958,0.9831081
0,2,0,true,1,0,0.9358974,0.95033115,0.93645483,0.9653979,1,2,0.9358108,1.0276817,0.92749244,1.0455927,3,1,0.955414,1.0528053,0.9400631,1.0,3,3,0.96644294,1.0325733,0.981982,1.0405406
0,2,1,true,1,0,0.76602566,0.90066224,0.73578596,0.9031142,1,2,0.5641892,1.0968858,0.59516615,1.0729483,3,1,0.9426752,1.2475247,0.93690854,1.0660065,3,3,0.9832215,1.1270359,1.003003,1.097973
0,2,2,true,1,0,1.0641025,0.95364237,1.0434783,0.9515571,1,2,0.9358108,0.9653979,0.95770395,1.0820669,3,1,0.8980892,0.9108911,0.873817,0.9108911,3,3,0.90604025,0.9446254,0.9399399,0.9290541
0,3,1,false,1,0,0.83653843,0.9701987,0.8561873,0.9480969,1,2,0.8141892,1.0657439,0.8126888,1.0151975,3,1,0.9490446,1.1254126,0.95268136,1.0462046,3,3,0.9832215,1.0814332,0.981982,1.0472972
0,3,1,true,1,0,0.7724359,0.9139073,0.77591974,0.90657437,1,2,0.6689189,1.1211072,0.69486403,1.106383,3,1,0.93949044,1.2277228,0.9621451,1.069307,3,3,0.9932886,1.1107492,1.0,1.0472972
0,4,0,false,1,0,0.9166667,0.9933775,0.916388,0.98615915,1,2,0.9391892,1.0173011,0.94561934,1.0091186,3,1,0.9426752,1.0363036,0.9432177,1.0,3,3,0.9697987,1.0228013,0.975976,0.9864865
0,4,0,true,1,0,0.9166667,0.95364237,0.9130435,0.9584775,1,2,0.9256757,1.0380623,0.92145014,1.0607903,3,1,0.933121,1.0561056,0.9305994,0.9966997,3,3,0.95637584,1.019544,0.966967,1.0033784
0,5,2,false,1,0,0.9775641,0.9370861,0.9598662,0.9515571,1,2,0.972973,0.9584775,0.94561934,1.0060791,3,1,0.9044586,0.9141914,0.8895899,0.9339934,3,3,0.9228188,0.96091205,0.9369369,0.9560811
0,5,2,true,1,0,1.0929487,0.9437086,1.0602007,0.9480969,1,2,1.0067568,0.9550173,0.95770395,1.0729483,3,1,0.8694267,0.76237625,0.84542584,0.8712871,3,3,0.88590604,0.9120521,0.9189189,0.9087838
1,1,0,false,1,0,0.9166667,0.9735099,0.916388,0.9653979,1,2,0.9560811,0.9896194,0.95166165,0.99696046,3,1,0.933121,0.9966997,0.9274448,0.9867987,3,3,0.95637584,0.990228,0.9459459,0.9662162
1,1,1,false,1,0,1.0897436,1.0331125,1.1237458,1.034602,1,2,0.9594595,1.1937716,0.91540784,1.1580547,3,1,0.93630576,1.069307,0.9305994,0.9933993,3,3,0.95302016,1.0325733,0.963964,1.0135136
1,1,2,false,1,0,0.83653843,0.9337748,0.82608694,0.93771625,1,2,0.8817568,0.9688581,0.8851964,0.97568387,3,1,0.84076434,1.009901,0.81072557,0.9471947,3,3,0.8791946,0.93811077,0.9039039,0.9189189
1,2,0,true,1,0,0.8942308,0.9403973,0.9665552,0.9342561,1,2,0.9222973,1.1245675,0.8821752,1.1702127,3,1,0.91719747,1.0858086,0.9053628,1.0033003,3,3,0.942953,1.0162866,0.963964,1.0101352
1,2,1,true,1,0,1.0288461,1.1324503,1.0,1.1072664,1,2,0.875,1.1453288,0.87009066,1.100304,3,1,0.9426752,1.1188118,0.93690854,1.0231023,3,3,0.9697987,1.009772,0.972973,1.0067568
1,2,2,true,1,0,0.7147436,1.0033113,0.6923077,0.9411765,1,2,0.6891892,0.9896194,0.7432024,1.0060791,3,1,0.87261146,1.1551155,0.84542584,1.0594059,3,3,0.9597315,0.9837133,0.9399399,0.9594595
1,3,1,false,1,0,1.0320513,1.0496689,1.0501672,1.0173011,1,2,0.9324324,1.1557094,0.897281,1.118541,3,1,0.9267516,1.1023102,0.9495268,0.9966997,3,3,0.94630873,1.0390879,0.966967,1.0168918
1,3,1,true,1,0,0.98717946,1.1291391,0.9799331,1.083045,1,2,0.8445946,1.1557094,0.8489426,1.0972644,3,1,0.9426752,1.1023102,0.9495268,1.0,3,3,0.95637584,1.0358306,0.96997,1.0202702
1,4,0,false,1,0,0.86538464,1.0,0.85953176,0.9688581,1,2,0.9290541,1.0173011,0.92145014,1.0091186,3,1,0.9235669,1.0957096,0.9400631,1.0,3,3,0.94630873,1.0358306,0.963964,1.0067568
1,4,0,true,1,0,0.849359,0.95033115,0.89632106,0.93079585,1,2,0.8614865,1.1038063,0.8429003,1.1398176,3,1,0.91401273,1.1419142,0.9053628,1.0231023,3,3,0.9395973,1.0260587,0.954955,1.0101352
1,5,2,false,1,0,0.80448717,0.92715234,0.81270903,0.93771625,1,2,0.902027,0.9930796,0.8942598,0.993921,3,1,0.8566879,1.0363036,0.8359621,0.9570957,3,3,0.88590604,0.9446254,0.9129129,0.9324324
1,5,2,true,1,0,0.7051282,1.013245,0.66555184,0.97923875,1,2,0.7736486,1.0069205,0.7885196,0.98784196,3,1,0.8121019,1.1155115,0.78864354,0.990099,3,3,0.8691275,0.9739414,0.9189189,0.9425676
2,1,0,false,1,0,0.8557692,0.99006623,0.84949833,0.9550173,1,2,0.8885135,1.0138408,0.8761329,1.0030395,3,1,0.91082805,1.1155115,0.93375397,0.9867987,3,3,0.9228188,1.029316,0.963964,0.9932432
2,1,1,false,1,0,0.8301282,0.98344374,0.7558528,0.9273356,1,2,0.7804054,0.8858132,0.7824773,0.9300912,3,1,0.8821656,1.0132014,0.85804415,0.9372937,3,3,0.90268457,0.98697066,0.951952,0.9831081
2,1,2,false,1,0,0.86217946,0.9602649,0.8795987,0.9204152,1,2,0.8952703,0.98615915,0.83383685,1.0060791,3,1,0.80254775,1.2673267,0.8201893,1.0825082,3,3,0.9261745,1.0521172,0.975976,1.0033784
2,2,0,true,1,0,0.88782054,0.87086093,0.9397993,0.8373702,1,2,0.902027,0.982699,0.8489426,1.0455927,3,1,0.80254775,1.3960396,0.9274448,1.1353135,3,3,0.9597315,1.0716612,0.996997,1.0405406
2,2,1,true,1,0,0.8173077,0.9602649,0.78595316,0.8927336,1,2,0.7601351,0.89619374,0.7643505,0.9574468,3,1,0.8630573,1.1089109,0.91167194,1.019802,3,3,0.91610736,1.0618893,0.972973,1.054054
2,2,2,true,1,0,0.9166667,0.9668874,0.9498328,0.8858132,1,2,0.8716216,1.0173011,0.8126888,1.0395137,3,1,0.8503185,1.3762376,0.9432177,1.1353135,3,3,0.95637584,1.04886,0.978979,0.9797297
2,3,1,false,1,0,0.78205127,1.0099338,0.7324415,0.9653979,1,2,0.7567568,0.982699,0.7734139,0.99696046,3,1,0.8821656,1.0924093,0.85804415,0.980198,3,3,0.90268457,1.0423453,0.954955,1.027027
2,3,1,true,1,0,0.8397436,0.8013245,0.8729097,0.716263,1,2,0.8074324,0.7958478,0.8036254,0.9118541,3,1,0.8184713,1.029703,0.84542584,0.9867987,3,3,0.90604025,1.0358306,0.951952,1.054054
2,4,0,false,1,0,0.82371795,0.96357614,0.82274246,0.92387545,1,2,0.875,1.0034602,0.8731118,1.0060791,3,1,0.89490443,1.1518152,0.9148265,1.009901,3,3,0.9228188,1.0651466,0.957958,1.0236486
2,4,0,true,1,0,0.88461536,0.71854305,1.0,0.66089964,1,2,0.8378378,0.916955,0.81570995,1.0060791,3,1,0.72929937,1.349835,0.7665615,1.1452146,3,3,0.9295302,1.0814332,0.963964,1.0641892
2,5,2,false,1,0,0.8108974,0.91721857,0.8662207,0.899654,1,2,0.9155405,0.9653979,0.8670695,0.993921,3,1,0.8630573,1.1848185,0.87066245,1.0132014,3,3,0.8724832,1.0260587,0.9309309,0.9797297
2,5,2,true,1,0,0.86217946,0.8907285,0.89632106,0.8719723,1,2,0.8547297,0.9930796,0.83081573,1.0091186,3,1,0.8184713,1.3828382,0.9148265,1.1419142,3,3,0.9496644,1.0586319,0.96997,0.9898649
3,1,0,false,1,0,0.8301282,0.9735099,0.8294314,0.93771625,1,2,0.8918919,1.0034602,0.8942598,0.98176295,3,1,0.89490443,1.1221122,0.92429024,0.9768977,3,3,0.8993289,1.0456026,0.9459459,0.9932432
3,1,1,false,1,0,0.78846157,0.9437086,0.7993311,0.9134948,1,2,0.902027,0.899654,0.8761329,0.90577507,3,1,0.8248408,1.2211221,0.91167194,1.0,3,3,0.8724832,1.0781759,0.951952,1.0067568
3,1,2,false,1,0,0.69871795,0.9370861,0.71571904,0.9100346,1,2,0.8817568,0.93079585,0.84592146,0.9544073,3,1,0.99044585,1.2310231,1.082019,1.0726073,3,3,0.94630873,1.0977199,0.990991,0.9594595
3,2,0,true,1,0,0.7532051,0.9072848,0.74916387,0.84775084,1,2,0.8378378,0.9204152,0.83081573,0.9361702,3,1,0.72929937,1.4785478,0.84227127,1.2376238,3,3,1.0033557,1.1107492,0.996997,1.0236486
3,2,1,true,1,0,0.8301282,0.8774834,0.8795987,0.85813147,1,2,0.875,0.9480969,0.83081573,0.96960485,3,1,0.7929936,1.389439,0.8170347,1.0726073,3,3,0.8624161,1.1530944,0.963964,1.0574324
3,2,2,true,1,0,0.71153843,0.87086093,0.7190635,0.8235294,1,2,0.8412162,0.8512111,0.82779455,0.92097265,3,1,0.9299363,1.3762376,1.0536277,1.1617162,3,3,1.0134228,1.0814332,1.003003,0.9628378
3,3,1,false,1,0,0.7916667,0.910596,0.81270903,0.89619374,1,2,0.9222973,0.9100346,0.90332323,0.9240122,3,1,0.84713376,1.250825,0.90851736,1.0132014,3,3,0.89597315,1.0162866,0.954955,0.9695946
3,3,1,true,1,0,0.8173077,0.90066224,0.8294314,0.8858132,1,2,0.9324324,0.8373702,0.9003021,0.8541033,3,1,0.7356688,1.2772278,0.6845426,1.0363036,3,3,0.8557047,1.0130293,0.9309309,0.9797297
3,4,0,false,1,0,0.84294873,0.9370861,0.8394649,0.9134948,1,2,0.8986486,0.9688581,0.9003021,0.9787234,3,1,0.888535,1.1353135,0.9022082,0.9966997,3,3,0.88590604,1.029316,0.9189189,0.972973
3,4,0,true,1,0,0.7692308,0.87086093,0.77591974,0.8235294,1,2,0.847973,0.899654,0.8549849,0.94224924,3,1,0.82165605,1.1881188,0.88328075,1.089109,3,3,0.94630873,1.019544,0.9429429,0.972973
3,5,2,false,1,0,0.71153843,0.93046355,0.73578596,0.9031142,1,2,0.9054054,0.9031142,0.8731118,0.9544073,3,1,1.0031847,1.1947194,1.0946373,1.0264026,3,3,0.91610736,1.0065147,0.954955,0.8682432
3,5,2,true,1,0,0.71794873,0.910596,0.71571904,0.87543255,1,2,0.875,0.8719723,0.85196376,0.9148936,3,1,1.0509554,1.089109,1.082019,1.0165017,3,3,0.9194631,1.0065147,0.9399399,0.9256757
4,1,0,false,1,0,0.84294873,0.9668874,0.8361204,0.93771625,1,2,0.9087838,0.97923875,0.9123867,0.9726444,3,1,0.8980892,1.0924093,0.9305994,0.98349833,3,3,0.8892617,1.0358306,0.9219219,0.9898649
4,1,1,false,1,0,0.8301282,0.9437086,0.8294314,0.90657437,1,2,0.8885135,0.9584775,0.9003021,0.9513678,3,1,0.77070063,1.3564357,0.7791798,1.2310231,3,3,0.96644294,1.1335505,0.957958,0.9391892
4,1,2,false,1,0,0.7916667,0.9139073,0.7993311,0.9031142,1,2,0.9290541,0.93771625,0.9063444,0.9665654,3,1,0.94585985,1.4257426,1.0599369,1.1023102,3,3,0.94630873,1.1140065,0.975976,0.9966216
4,2,0,true,1,0,0.8076923,0.98013246,0.8160535,0.93079585,1,2,0.8918919,0.9757785,0.8882175,0.99696046,3,1,0.82165605,1.1716172,0.9179811,1.0627062,3,3,0.9328859,1.029316,0.9399399,0.9391892
4,2,1,true,1,0,0.8333333,0.9701987,0.8294314,0.9273356,1,2,0.8716216,0.9688581,0.8912387,0.98784196,3,1,0.8375796,1.0759076,0.8895899,1.0594059,3,3,0.9261745,1.0390879,0.9249249,0.9594595
4,2,2,true,1,0,0.7948718,0.89403975,0.7826087,0.8719723,1,2,0.9087838,0.85813147,0.8882175,0.8966565,3,1,0.9044586,1.250825,0.99369085,1.0330033,3,3,0.9228188,1.0814332,0.960961,1.0371622
4,3,1,false,1,0,0.849359,0.910596,0.8361204,0.8788927,1,2,0.875,0.9515571,0.8912387,0.96352583,3,1,0.72929937,1.4323432,0.681388,1.2871287,3,3,0.96308726,1.1237785,0.9369369,0.9155405
4,3,1,true,1,0,0.86538464,0.95033115,0.84949833,0.916955,1,2,0.8851351,0.97231835,0.897281,0.993921,3,1,0.7802548,1.2244225,0.8233439,1.1452146,3,3,0.9496644,1.0977199,0.9369369,0.9797297
4,4,0,false,1,0,0.8333333,0.9735099,0.8327759,0.93079585,1,2,0.8952703,0.9688581,0.897281,0.96960485,3,1,0.8980892,1.069307,0.93375397,0.98349833,3,3,0.88255036,1.0423453,0.9129129,0.9797297
4,4,0,true,1,0,0.82371795,0.9735099,0.82274246,0.92387545,1,2,0.8783784,0.9688581,0.8882175,0.9787234,3,1,0.81528664,1.1551155,0.91167194,1.0594059,3,3,0.9194631,1.0651466,0.9279279,0.9594595
4,5,2,false,1,0,0.7948718,0.9139073,0.7993311,0.8927336,1,2,0.9155405,0.9411765,0.8912387,0.97568387,3,1,0.955414,1.4059407,1.0599369,1.1056106,3,3,0.95302016,1.0879478,0.963964,0.972973
4,5,2,true,1,0,0.78846157,0.9039735,0.7926421,0.8858132,1,2,0.8817568,0.9446367,0.87009066,0.9604863,3,1,0.9299363,1.290429,1.0031545,1.0660065,3,3,0.9228188,1.068404,0.9369369,0.9797297
0,1,0,false,2,0,1.034965,1.0207613,1.0344827,1.0036496,2,2,1.0,1.0183823,1.0,0.99006623,0,1,0.9737705,0.9651568,0.9714286,0.96507937,0,3,0.9686411,0.9527027,0.9771987,0.9470405
0,1,1,false,2,0,0.94755244,0.97231835,0.96896553,0.9781022,2,2,0.97269624,1.0220588,0.9392857,1.0231788,0,1,0.9377049,0.66550523,0.8825397,0.815873,0,3,1.2334495,0.9256757,1.0618893,0.97507787
0,1,2,false,2,0,1.0104895,0.9965398,1.0103449,0.9817518,2,2,1.0136518,0.95955884,0.9892857,0.9701987,0,1,0.9737705,1.0557492,0.95238096,1.0063492,0,3,0.9860627,0.9527027,0.9739414,0.94392526
0,2,0,true,2,0,1.0174825,0.9896194,1.0068965,0.9890511,2,2,1.0,0.9963235,0.975,0.98675495,0,1,0.90163934,0.88850176,0.85396826,0.92698413,0,3,0.9268293,0.9324324,0.9576547,1.0186915
0,2,1,true,2,0,0.8426573,0.9446367,0.85172415,0.9708029,2,2,0.92491466,1.0367647,0.8142857,1.0596026,0,1,0.8262295,0.29965156,0.71746033,0.3809524,0,3,1.3135889,1.0168918,1.0944625,1.05919
0,2,2,true,2,0,0.9685315,1.0069205,0.9758621,0.98540145,2,2,0.99658704,0.94485295,0.9714286,0.9602649,0,1,1.0360656,1.0313588,1.0476191,1.0349207,0,3,1.0313588,1.0067568,0.990228,0.9813084
0,3,1,false,2,0,0.9055944,0.9446367,0.9413793,0.95620435,2,2,0.9522184,1.0330882,0.8857143,1.0397351,0,1,0.8852459,0.5993031,0.784127,0.74920636,0,3,1.2473868,0.8817568,1.0814332,0.97819316
0,3,1,true,2,0,0.8321678,0.93771625,0.85172415,0.97445256,2,2,0.91808873,1.0625,0.7785714,1.0827814,0,1,0.81311476,0.11149826,0.6793651,0.35873017,0,3,1.3066202,0.9628378,1.1042346,1.0404985
0,4,0,false,2,0,0.993007,0.982699,1.0068965,0.9817518,2,2,0.96245736,1.0220588,0.9464286,1.0033113,0,1,0.95409834,0.9477352,0.8920635,0.96825397,0,3,0.9965157,0.9628378,0.9739414,0.99688476
0,4,0,true,2,0,0.9755245,0.9584775,0.98275864,0.97445256,2,2,0.96245736,1.007353,0.9285714,1.0,0,1,0.9311475,0.912892,0.8666667,0.94285715,0,3,0.9686411,0.9391892,0.96091205,1.0031153
0,5,2,false,2,0,1.0034965,1.0,1.0,0.9781022,2,2,1.0,0.95955884,0.9678571,0.9735099,0,1,0.9934426,1.0836236,0.95873016,1.0444444,0,3,1.020906,1.0033784,0.98045605,0.9813084
0,5,2,true,2,0,1.006993,0.9757785,0.9896552,0.9489051,2,2,0.99658704,0.9375,0.9678571,0.9470199,0,1,1.0262295,1.0696864,1.0349207,1.0539683,0,3,1.0418118,1.0337838,1.0065147,1.0093458
1,1,0,false,2,0,1.0,0.9688581,1.0034482,0.96350366,2,2,0.97269624,0.9963235,0.9285714,0.98344374,0,1,0.9311475,0.9512195,0.8730159,0.9714286,0,3,0.9756098,0.9662162,0.9641694,1.0186915
1,1,1,false,2,0,0.96153843,0.9411765,0.9551724,0.96350366,2,2,0.9522184,0.9558824,0.9071429,0.9602649,0,1,0.82295084,0.9337979,0.72063494,0.9904762,0,3,0.9756098,0.9594595,0.9478827,0.99376947
1,1,2,false,2,0,1.0314685,0.89619374,1.0862069,0.90510947,2,2,1.0477816,1.0036764,1.05,0.95033115,0,1,0.9147541,0.8327526,0.92698413,0.8761905,0,3,0.9651568,0.9493243,0.9674267,1.0093458
1,2,0,true,2,0,1.0524476,0.8719723,1.0793103,0.90510947,2,2,0.9761092,1.0,0.94285715,0.9933775,0,1,0.83278686,0.8118467,0.7079365,0.9142857,0,3,0.9790941,0.8918919,0.9576547,1.0155764
1,2,1,true,2,0,0.8951049,0.93771625,0.92068964,0.96350366,2,2,0.9522184,1.0183823,0.9357143,1.0099338,0,1,0.8196721,0.66550523,0.63492066,0.84126985,0,3,0.989547,0.8986486,0.9543974,1.0031153
1,2,2,true,2,0,0.8916084,0.83391005,0.93793106,0.8613139,2,2,1.0307168,1.0294118,1.0178572,1.0198675,0,1,0.83278686,0.5365854,0.72698414,0.6920635,0,3,1.2160279,0.8277027,1.068404,0.97507787
1,3,1,false,2,0,0.94755244,0.9653979,0.94827586,0.99635035,2,2,0.96245736,1.0036764,0.9035714,0.98344374,0,1,0.8262295,0.8675958,0.6730159,0.94285715,0,3,0.9860627,0.9425676,0.9576547,1.0186915
1,3,1,true,2,0,0.86013985,0.98615915,0.8724138,1.0255475,2,2,0.9590444,1.0330882,0.9464286,0.9933775,0,1,0.7737705,0.5644599,0.552381,0.7650794,0,3,0.9651568,0.8682432,0.9478827,1.0280374
1,4,0,false,2,0,0.9370629,0.93771625,0.962069,0.96350366,2,2,0.9453925,1.0257353,0.9,1.0165563,0,1,0.8557377,0.77351916,0.71746033,0.8666667,0,3,1.0,0.875,0.9739414,1.0186915
1,4,0,true,2,0,0.9685315,0.88927335,1.0034482,0.92335767,2,2,0.9556314,1.0036764,0.9071429,1.0198675,0,1,0.7836065,0.68292683,0.6,0.82857144,0,3,1.0418118,0.8378378,0.9837133,1.0186915
1,5,2,false,2,0,0.9440559,0.916955,0.9896552,0.94525546,2,2,0.9761092,1.0,0.95357144,0.95695364,0,1,0.87540984,0.70034844,0.86031747,0.8095238,0,3,1.0313588,0.8682432,0.990228,0.98753893
1,5,2,true,2,0,0.951049,0.8442907,1.0206896,0.8686131,2,2,1.0580205,1.0147059,1.0428572,0.9602649,0,1,0.8098361,0.533101,0.71428573,0.7111111,0,3,1.1986063,0.8310811,1.0716612,0.99688476
2,1,0,false,2,0,0.9755245,0.9653979,0.9862069,0.97445256,2,2,0.97269624,1.0441177,0.94285715,0.9735099,0,1,0.91803277,0.90592337,0.8698413,0.93333334,0,3,0.9616725,0.9763514,0.9576547,1.0124611
2,1,1,false,2,0,0.94755244,0.9757785,1.0448276,0.95620435,2,2,1.4163822,0.8602941,1.2928572,0.95364237,0,1,0.9311475,0.9094077,0.86031747,0.94603175,0,3,0.9860627,0.9831081,0.9739414,0.99376947
2,1,2,false,2,0,1.0769231,0.9896194,1.1482759,0.9708029,2,2,1.0511945,1.0808823,1.0428572,0.9337748,0,1,0.79016393,0.9094077,0.7079365,0.94920635,0,3,0.9477352,0.9763514,0.9543974,1.0249221
2,2,0,true,2,0,1.0664335,1.0553633,1.1344827,0.9890511,2,2,1.0614334,1.125,1.0535715,0.99006623,0,1,0.8295082,0.80139375,0.72380954,0.8888889,0,3,0.9337979,0.9290541,0.9478827,1.0124611
2,2,1,true,2,0,0.83916086,1.0138408,0.94827586,0.97445256,2,2,1.3515358,0.9191176,1.2107143,0.96357614,0,1,0.8819672,0.82229966,0.7777778,0.9079365,0,3,0.9512195,0.9391892,0.9446254,1.0
2,2,2,true,2,0,1.034965,1.0138408,1.0551724,1.0218978,2,2,1.0204778,1.0808823,0.9714286,0.98013246,0,1,0.7737705,0.72473866,0.61904764,0.84444445,0,3,0.8780488,0.9256757,0.93811077,1.0218068
2,3,1,false,2,0,0.9440559,0.92387545,1.0137931,0.9270073,2,2,1.3924915,0.8272059,1.2321428,0.9139073,0,1,0.9147541,0.9163763,0.8698413,0.94603175,0,3,0.9686411,0.9763514,0.96091205,0.97507787
2,3,1,true,2,0,0.8076923,0.9965398,0.9310345,0.9087591,2,2,1.3071673,0.9852941,1.1821429,1.0165563,0,1,0.8819672,0.7979094,0.7777778,0.9111111,0,3,1.0243902,0.9290541,0.9771987,0.9657321
2,4,0,false,2,0,0.96153843,0.9584775,0.96896553,0.9781022,2,2,1.0102389,1.0404412,0.9464286,0.98675495,0,1,0.89836067,0.8675958,0.81904763,0.9142857,0,3,0.9860627,0.9290541,0.9674267,0.9844237
2,4,0,true,2,0,1.0909091,1.117647,1.1206896,1.160584,2,2,1.1194539,1.194853,1.1,1.0298014,0,1,0.852459,0.75609756,0.6920635,0.8984127,0,3,0.9686411,0.9290541,0.9543974,1.0186915
2,5,2,false,2,0,1.0454545,0.9515571,1.1068965,0.97445256,2,2,1.0238907,1.0919118,1.0071429,0.9437086,0,1,0.82295084,0.8466899,0.75238097,0.9015873,0,3,0.9547038,0.9662162,0.9641694,1.0280374
2,5,2,true,2,0,0.951049,0.9515571,0.97931033,0.99635035,2,2,1.0136518,1.055147,0.95714283,0.9370861,0,1,0.7442623,0.6759582,0.61587304,0.7936508,0,3,0.8850174,0.9493243,0.96091205,1.0529594
3,1,0,false,2,0,0.9895105,0.97923875,0.99655175,0.9817518,2,2,0.9931741,1.055147,0.96428573,0.9966887,0,1,0.93442625,0.8641115,0.85714287,0.9174603,0,3,1.010453,0.9391892,0.98045605,0.9626168
3,1,1,false,2,0,1.0524476,1.1349481,1.1310345,1.080292,2,2,1.1228669,1.1911764,1.1107143,1.013245,0,1,0.89836067,0.82229966,0.82539684,0.8857143,0,3,0.9825784,0.9358108,0.9739414,0.99688476
3,1,2,false,2,0,0.8741259,0.9930796,0.9137931,1.0036496,2,2,1.0511945,1.0625,0.99285716,0.96357614,0,1,0.84262294,0.7944251,0.7714286,0.8666667,0,3,0.9756098,0.8952703,0.9771987,0.99065423
3,2,0,true,2,0,1.0034965,0.8927336,1.0896552,0.82481754,2,2,1.0819112,1.0625,1.0321429,1.0298014,0,1,0.8819672,0.73170733,0.75555557,0.85079366,0,3,1.0313588,0.8952703,1.0,0.99376947
3,2,1,true,2,0,0.95454544,1.0207613,0.95862067,1.0985402,2,2,1.0546075,1.242647,1.0785714,1.0331125,0,1,0.8622951,0.7630662,0.7650794,0.8634921,0,3,0.9756098,0.9527027,0.9674267,1.0373832
3,2,2,true,2,0,0.84615386,0.97231835,0.8862069,0.9890511,2,2,1.0341297,1.0955882,0.9464286,1.0364238,0,1,0.8262295,0.6933798,0.6730159,0.81904763,0,3,0.9790941,0.8783784,0.9771987,1.0031153
3,3,1,false,2,0,1.0454545,1.048443,1.1103449,1.0364964,2,2,1.0887372,1.1691177,1.075,1.0033113,0,1,0.86557376,0.75609756,0.7777778,0.85396826,0,3,0.9790941,0.9121622,0.9641694,1.0031153
3,3,1,true,2,0,0.95804197,0.9688581,0.9896552,1.0620438,2,2,1.0682594,1.2095588,1.0857143,1.0066226,0,1,0.87540984,0.7804878,0.8031746,0.8634921,0,3,0.9651568,0.9594595,0.96091205,1.0280374
3,4,0,false,2,0,0.9895105,0.9480969,0.99310344,0.96350366,2,2,0.9931741,1.0330882,0.9678571,0.9668874,0,1,0.895082,0.80836236,0.8031746,0.8857143,0,3,1.0243902,0.9222973,0.98045605,0.97196263
3,4,0,true,2,0,0.95804197,0.84775084,1.0551724,0.76277375,2,2,1.0477816,1.0404412,1.0071429,1.013245,0,1,0.84262294,0.6620209,0.6857143,0.82222223,0,3,1.0627178,0.875,0.99348533,0.99065423
3,5,2,false,2,0,0.9230769,1.0,0.9310345,0.99635035,2,2,1.0204778,1.0625,0.9714286,0.95364237,0,1,0.8557377,0.85365856,0.7873016,0.9015873,0,3,0.9442509,0.9256757,0.9674267,0.99376947
3,5,2,true,2,0,0.8951049,1.0069205,0.9172414,1.0218978,2,2,1.0614334,1.0845588,0.99285716,1.013245,0,1,0.81311476,0.74216026,0.7047619,0.84444445,0,3,0.9477352,0.9054054,0.9674267,0.9844237
4,1,0,false,2,0,0.91608393,0.9134948,0.92413795,0.93430656,2,2,0.9761092,1.0183823,0.9285714,0.9966887,0,1,0.8885246,0.79094076,0.7968254,0.8730159,0,3,0.9965157,0.8918919,0.9674267,0.95327103
4,1,1,false,2,0,0.8426573,0.9515571,0.8827586,0.9379562,2,2,0.96245736,0.95955884,0.8535714,0.9602649,0,1,0.895082,0.78745645,0.8063492,0.8698413,0,3,1.0139372,0.8986486,0.9771987,0.97507787
4,1,2,false,2,0,0.7377622,0.8719723,0.76896554,0.93430656,2,2,0.9283276,1.0808823,0.8464286,1.0761589,0,1,0.81639344,0.74912894,0.7111111,0.84761906,0,3,0.9442509,0.8581081,0.97068405,0.9626168
4,2,0,true,2,0,0.9755245,0.9619377,0.9724138,0.9708029,2,2,0.9658703,1.0147059,0.92142856,1.0198675,0,1,0.87540984,0.70731705,0.74285716,0.82857144,0,3,1.010453,0.8513514,0.9771987,0.97507787
4,2,1,true,2,0,0.86713284,1.0103806,0.8724138,1.0072993,2,2,0.96245736,1.0,0.88214284,0.99006623,0,1,0.89180326,0.73867595,0.7746032,0.84126985,0,3,1.0383276,0.8952703,0.9837133,0.99376947
4,2,2,true,2,0,0.7202797,0.9342561,0.7241379,1.0437956,2,2,0.92491466,1.1397059,0.86785716,1.0165563,0,1,0.8295082,0.70383275,0.6888889,0.8095238,0,3,0.9442509,0.875,0.9576547,0.97819316
4,3,1,false,2,0,0.77272725,0.9584775,0.8172414,0.93430656,2,2,0.93856657,0.9117647,0.83214283,0.93046355,0,1,0.8819672,0.728223,0.7746032,0.82539684,0,3,1.0313588,0.8614865,0.9771987,0.97507787
4,3,1,true,2,0,0.8951049,1.0103806,0.90689653,1.0072993,2,2,0.96245736,0.9852941,0.9,0.98013246,0,1,0.8786885,0.70034844,0.75238097,0.815873,0,3,1.0592334,0.8581081,0.98697066,0.97819316
4,4,0,false,2,0,0.9195804,0.93771625,0.9172414,0.96350366,2,2,0.9556314,0.9742647,0.91071427,0.9668874,0,1,0.89836067,0.7630662,0.784127,0.85079366,0,3,1.0313588,0.8648649,0.98045605,0.94392526
4,4,0,true,2,0,0.9370629,0.9653979,0.92413795,0.9817518,2,2,0.96245736,0.9816176,0.9,0.9966887,0,1,0.89180326,0.74912894,0.7650794,0.83809525,0,3,1.0452962,0.8547297,0.99674267,0.9626168
4,5,2,false,2,0,0.74825174,0.8615917,0.762069,0.9270073,2,2,0.9112628,1.0294118,0.81785715,1.0629139,0,1,0.84918034,0.70731705,0.6730159,0.8,0,3,1.0034844,0.7871622,0.99674267,0.95015574
4,5,2,true,2,0,0.7377622,0.88927335,0.7482759,0.9781022,2,2,0.91808873,1.0992647,0.86071426,1.0298014,0,1,0.84918034,0.728223,0.6920635,0.815873,0,3,0.9965157,0.8445946,0.9739414,0.97196263
0,1,0,false,3,0,0.95886075,0.9517241,0.96107787,0.96529967,3,2,0.9628378,0.98355263,0.9765886,0.9866221,1,1,0.97530866,0.9820144,0.99293286,1.0031747,1,3,1.0,1.0070671,1.0071429,1.0227273
0,1,1,false,3,0,0.9208861,1.0137931,0.96407187,1.022082,3,2,0.9695946,1.0986842,0.99331105,1.1237458,1,1,0.82098764,0.98920864,0.6713781,0.9809524,1,3,0.86451614,0.8727915,0.975,0.91233766
0,1,2,false,3,0,0.9462025,0.8689655,0.92814374,0.9022082,3,2,0.9391892,0.8980263,0.9264214,0.9598662,1,1,0.9876543,0.9316547,1.0106007,0.9777778,1,3,1.0258064,0.98233217,1.0071429,1.025974
0,2,0,true,3,0,0.9462025,0.93448275,0.9461078,0.9495268,3,2,0.9493243,0.9769737,0.97324413,1.006689,1,1,0.97839504,0.9820144,0.97879857,1.0190476,1,3,0.9935484,0.9893993,1.0107143,1.0292208
0,2,1,true,3,0,0.90822786,1.0517242,0.9580838,1.066246,3,2,0.972973,1.1644737,1.0367893,1.1270903,1,1,0.6882716,1.1294965,0.4558304,1.0888889,1,3,0.7677419,0.8515901,0.8964286,0.90584415
0,2,2,true,3,0,0.98417723,0.7724138,0.9191617,0.84227127,3,2,0.9222973,0.84539473,0.8729097,0.9665552,1,1,0.95987654,0.971223,0.9681979,1.0,1,3,1.016129,0.98233217,1.0107143,1.0454545
0,3,1,false,3,0,0.9050633,1.0172414,0.9580838,1.0378549,3,2,0.9527027,1.1348684,1.0100335,1.1270903,1,1,0.7160494,1.0719424,0.49116609,1.0222223,1,3,0.7612903,0.8374558,0.88928574,0.90909094
0,3,1,true,3,0,0.914557,1.0586207,0.9491018,1.082019,3,2,0.9662162,1.1677631,1.0200669,1.1204014,1,1,0.72839504,1.118705,0.50530034,1.104762,1,3,0.7354839,0.9081272,0.87857145,0.9318182
0,4,0,false,3,0,0.9683544,0.96896553,0.97904193,0.9968454,3,2,0.9594595,1.0493422,1.0,1.0468228,1,1,0.9660494,0.9928058,0.94699645,1.0126984,1,3,0.9677419,1.0141343,0.975,1.0519481
0,4,0,true,3,0,0.943038,0.9517241,0.9461078,0.98107255,3,2,0.9358108,1.0427631,0.96989965,1.0501672,1,1,0.9691358,0.96043164,0.96113074,1.0095239,1,3,0.9516129,1.0070671,0.96428573,1.0519481
0,5,2,false,3,0,0.93670887,0.87586206,0.93113774,0.9148265,3,2,0.9256757,0.95394737,0.9264214,1.006689,1,1,0.97530866,0.9496403,0.975265,0.9904762,1,3,0.9774194,0.9681979,0.9785714,1.0422078
0,5,2,true,3,0,0.98101264,0.76896554,0.9161677,0.8359621,3,2,0.9121622,0.8322368,0.8528428,0.9632107,1,1,0.9876543,0.9676259,0.96466434,1.0158731,1,3,0.9903226,1.0106007,0.98571426,1.0746753
1,1,0,false,3,0,0.971519,0.94827586,0.9700599,0.98107255,3,2,0.9493243,1.0526316,0.99331105,1.0668896,1,1,0.9722222,0.99640286,0.94699645,1.0158731,1,3,0.9677419,1.0106007,0.98571426,1.0616883
1,1,1,false,3,0,0.9556962,0.9724138,0.9491018,0.9873817,3,2,0.9290541,1.0592105,0.9632107,1.0802675,1,1,1.1265432,1.1330935,1.0565372,1.136508,1,3,0.92580646,1.0600706,0.9714286,1.0519481
1,1,2,false,3,0,0.9398734,0.87586206,0.88622755,0.9305994,3,2,0.9121622,0.95394737,0.8896321,1.0234114,1,1,0.8765432,0.94244605,0.8409894,0.96825397,1,3,0.91612905,1.0353357,0.9464286,1.1233766
1,2,0,true,3,0,0.9177215,0.95862067,0.9191617,0.9968454,3,2,0.9358108,1.0559211,0.9464883,1.0802675,1,1,0.9197531,0.971223,0.8798587,1.0349207,1,3,0.9,1.0141343,0.9392857,1.0649351
1,2,1,true,3,0,0.971519,1.0586207,0.997006,1.0347003,3,2,0.9391892,1.0986842,0.9765886,1.1070234,1,1,0.9845679,1.352518,0.8657244,1.1555556,1,3,0.92903227,0.9858657,0.9714286,1.0292208
1,2,2,true,3,0,0.863924,0.9275862,0.8532934,0.9747634,3,2,0.9087838,1.0065789,0.89966553,1.0535117,1,1,0.64506173,1.1151079,0.39929327,1.0126984,1,3,0.7903226,0.89045936,0.85714287,1.0064934
1,3,1,false,3,0,0.93670887,1.0137931,0.9461078,1.022082,3,2,0.9324324,1.0921053,0.9665552,1.090301,1,1,1.1018518,1.1510792,1.0318022,1.1206349,1,3,0.91612905,1.0530035,0.975,1.0324675
1,3,1,true,3,0,0.9398734,1.0379311,0.9550898,1.0315458,3,2,0.9358108,1.1019737,0.95652175,1.090301,1,1,1.0308642,1.3093525,0.9257951,1.1428572,1,3,0.8967742,1.0212014,0.9678571,1.0194805
1,4,0,false,3,0,0.95253164,0.96896553,0.9461078,1.0031545,3,2,0.9391892,1.0723684,0.97324413,1.0668896,1,1,0.9166667,1.0107914,0.89045936,1.0031747,1,3,0.93225807,0.9858657,0.9785714,1.0324675
1,4,0,true,3,0,0.90189874,0.9758621,0.9071856,1.0063092,3,2,0.9391892,1.0657895,0.9431438,1.0769231,1,1,0.90123457,1.028777,0.83038867,1.0444444,1,3,0.88064516,1.0,0.94285715,1.038961
1,5,2,false,3,0,0.93037975,0.8689655,0.88323355,0.93375397,3,2,0.9189189,0.95394737,0.8729097,1.0200669,1,1,0.85493827,0.9496403,0.8374558,0.9714286,1,3,0.88709676,1.0176679,0.93214285,1.0811689
1,5,2,true,3,0,0.84177214,0.8551724,0.8143712,0.9148265,3,2,0.8783784,0.9144737,0.7926421,1.0033445,1,1,0.7345679,0.9820144,0.6183746,0.95873016,1,3,0.8032258,0.9540636,0.875,1.0746753
2,1,0,false,3,0,0.971519,0.92413795,0.94011974,0.96845424,3,2,0.9290541,1.0493422,0.9498328,1.0301003,1,1,0.9351852,1.0251799,0.9399293,1.0,1,3,0.9419355,1.0176679,0.9714286,1.0616883
2,1,1,false,3,0,1.0537975,0.84827584,0.94311374,0.9148265,3,2,0.8885135,0.9638158,0.8862876,0.9799331,1,1,0.7839506,1.0647482,0.71378094,0.9936508,1,3,0.8967742,0.99293286,0.94285715,1.0811689
2,1,2,false,3,0,0.9683544,0.95862067,0.94011974,0.9842271,3,2,0.9290541,1.0526316,0.9063545,1.0234114,1,1,0.9537037,0.9784173,0.9681979,0.9904762,1,3,0.89032257,1.1201414,0.94285715,1.1493506
2,2,0,true,3,0,0.79746836,1.1172414,0.8263473,1.0851735,3,2,0.9222973,1.1348684,0.88294315,1.1137124,1,1,0.962963,0.7338129,0.8551237,0.94603175,1,3,0.88387096,0.975265,0.94285715,1.0584415
2,2,1,true,3,0,1.1107595,0.8413793,0.9580838,0.9148265,3,2,0.902027,0.99013156,0.8528428,1.0100335,1,1,0.7777778,0.9388489,0.5477032,0.93015873,1,3,0.87419355,0.9575972,0.93214285,1.0584415
2,2,2,true,3,0,0.886076,1.1172414,0.9011976,1.1104101,3,2,0.9527027,1.2072369,0.93645483,1.1438127,1,1,0.9691358,0.89568347,0.9222615,0.95238096,1,3,0.87096775,1.0530035,0.93214285,1.0876623
2,3,1,false,3,0,1.056962,0.8586207,0.9491018,0.92429024,3,2,0.8952703,0.97039473,0.8695652,0.9966555,1,1,0.7962963,1.0359712,0.7031802,0.984127,1,3,0.90645164,0.99646646,0.95,1.0811689
2,3,1,true,3,0,1.1170886,0.8551724,0.97604793,0.9274448,3,2,0.8952703,1.0230263,0.85953176,1.0367893,1,1,0.7623457,1.0107914,0.6042403,0.9714286,1,3,0.86774194,0.9681979,0.9357143,1.0519481
2,4,0,false,3,0,0.9462025,0.9655172,0.93413174,0.99369085,3,2,0.9324324,1.0888158,0.93645483,1.0702341,1,1,0.91358024,1.0143884,0.89045936,1.0,1,3,0.9451613,1.0106007,0.9714286,1.038961
2,4,0,true,3,0,0.7753165,1.1482759,0.79341316,1.1261829,3,2,0.9155405,1.1743422,0.8795987,1.1371237,1,1,0.99382716,0.78417265,0.83392227,0.96190476,1,3,0.85806453,0.99293286,0.93214285,1.0454545
2,5,2,false,3,0,0.89873415,1.0137931,0.89221555,1.0189275,3,2,0.9290541,1.1085526,0.8929766,1.0936455,1,1,0.91358024,0.91007197,0.90106004,0.9714286,1,3,0.89354837,1.0848056,0.9392857,1.1233766
2,5,2,true,3,0,0.89873415,1.0620689,0.89221555,1.0599369,3,2,0.9222973,1.1809211,0.90301,1.1103679,1,1,0.9382716,0.9028777,0.90106004,0.95555556,1,3,0.86129034,1.1060071,0.93214285,1.1006494
3,1,0,false,3,0,0.9493671,0.9896552,0.93113774,1.0031545,3,2,0.9425676,1.0888158,0.93311036,1.0668896,1,1,0.91049385,0.9784173,0.8975265,0.9904762,1,3,0.9516129,1.0176679,0.9678571,1.0616883
3,1,1,false,3,0,0.8924051,1.0551724,0.9131737,1.022082,3,2,0.9391892,0.99671054,0.8561873,1.0033445,1,1,0.8580247,0.8848921,0.81625444,0.93015873,1,3,0.9,1.0141343,0.93214285,1.0876623
3,1,2,false,3,0,1.1835443,0.9517241,1.1017964,1.0441641,3,2,0.9391892,1.1644737,0.9966555,1.0401338,1,1,0.8240741,0.971223,0.77031803,0.94920635,1,3,0.91612905,1.0600706,0.95,1.1103896
3,2,0,true,3,0,0.9651899,1.0034482,0.8622754,1.0725552,3,2,0.9290541,1.2072369,0.9598662,1.1270903,1,1,0.787037,0.84532374,0.6572438,0.9174603,1,3,0.8967742,0.9257951,0.94285715,1.025974
3,2,1,true,3,0,0.79113925,1.362069,0.7814371,1.2555205,3,2,0.9695946,1.2565789,0.86287624,1.0936455,1,1,0.9228395,0.7553957,0.81272084,0.9142857,1,3,0.88064516,0.99646646,0.94285715,1.0422078
3,2,2,true,3,0,1.1740507,0.9758621,1.0508982,1.0599369,3,2,0.9324324,1.2171053,0.9799331,1.1070234,1,1,0.8117284,0.8561151,0.7067138,0.9206349,1,3,0.92580646,1.0035336,0.96428573,1.0616883
3,3,1,false,3,0,0.87341774,1.0172414,0.9041916,1.0031545,3,2,0.9560811,0.96710527,0.8762542,0.96989965,1,1,0.88271606,0.9352518,0.8551237,0.96190476,1,3,0.93225807,1.0106007,0.95714283,1.0811689
3,3,1,true,3,0,0.8322785,1.1724138,0.7784431,1.0977918,3,2,0.9628378,1.0032895,0.7792642,0.9765886,1,1,0.904321,0.8776978,0.84452295,0.93968254,1,3,0.9032258,1.0141343,0.9357143,1.0974026
3,4,0,false,3,0,0.9208861,0.98275864,0.9101796,1.0031545,3,2,0.9425676,1.0756578,0.9130435,1.0668896,1,1,0.8888889,0.9496403,0.8621908,0.9873016,1,3,0.9419355,1.0106007,0.95357144,1.0584415
3,4,0,true,3,0,0.8227848,1.0413793,0.79640716,1.0441641,3,2,0.9324324,1.1282895,0.909699,1.09699,1,1,0.8117284,0.8633093,0.7385159,0.94285715,1,3,0.91290325,0.9434629,0.93214285,1.0292208
3,5,2,false,3,0,1.1772152,0.96896553,1.1167665,1.0283911,3,2,0.9391892,1.1677631,1.006689,1.0468228,1,1,0.85493827,0.971223,0.8233216,0.94920635,1,3,0.91290325,1.0353357,0.925,1.0746753
3,5,2,true,3,0,1.2753165,0.9034483,1.1257485,0.9716088,3,2,0.9290541,1.1217105,0.9230769,1.0535117,1,1,0.80246913,0.8884892,0.7491166,0.9111111,1,3,0.91612905,1.0388693,0.95,1.0649351
4,1,0,false,3,0,0.95253164,0.9551724,0.9191617,0.97791797,3,2,0.9459459,1.0460526,0.91973245,1.0267558,1,1,0.9166667,0.9820144,0.9081272,0.9873016,1,3,0.9580645,1.0353357,0.9678571,1.0649351
4,1,1,false,3,0,0.93037975,1.0310345,0.9041916,1.0189275,3,2,0.9155405,1.2105263,0.95652175,1.1505017,1,1,0.904321,0.97482014,0.8798587,0.9777778,1,3,0.9516129,1.0141343,0.96428573,1.0616883
4,1,2,false,3,0,1.0537975,1.1586207,1.005988,1.1451104,3,2,1.027027,1.2105263,1.0,1.1438127,1,1,0.8703704,0.91366905,0.83392227,0.94920635,1,3,0.9516129,1.0035336,0.95714283,1.0487013
4,2,0,true,3,0,0.8892405,0.962069,0.8502994,0.9905363,3,2,0.9425676,1.0986842,0.9531773,1.0668896,1,1,0.83950615,0.9820144,0.80212015,0.9746032,1,3,0.93225807,0.975265,0.95357144,1.0454545
4,2,1,true,3,0,1.022152,0.94827586,0.9101796,0.96845424,3,2,0.9290541,1.1151316,0.9230769,1.1103679,1,1,0.845679,0.9676259,0.7773852,0.9777778,1,3,0.9354839,0.975265,0.95,1.0519481
4,2,2,true,3,0,1.056962,1.1275862,0.97604793,1.0977918,3,2,0.9594595,1.1809211,0.9130435,1.0635451,1,1,0.85493827,0.794964,0.7773852,0.9047619,1,3,0.90645164,0.99646646,0.91785717,1.0551949
4,3,1,false,3,0,0.90189874,1.0862069,0.8532934,1.0441641,3,2,0.8986486,1.2368422,0.91973245,1.1839465,1,1,0.8888889,0.92805755,0.8374558,0.96190476,1,3,0.9419355,0.97879857,0.95,1.0519481
4,3,1,true,3,0,0.98734176,0.98275864,0.89221555,0.9747634,3,2,0.9087838,1.1710526,0.916388,1.187291,1,1,0.8796296,0.9784173,0.8233216,0.9777778,1,3,0.9387097,0.97879857,0.9607143,1.0454545
4,4,0,false,3,0,0.9050633,0.9724138,0.9131737,0.9842271,3,2,0.9358108,1.0559211,0.91973245,1.0434783,1,1,0.88271606,0.9496403,0.83392227,0.9714286,1,3,0.9451613,0.98233217,0.95,1.0454545
4,4,0,true,3,0,0.8924051,0.9310345,0.8622754,0.9716088,3,2,0.9391892,1.0888158,0.9598662,1.0568562,1,1,0.8580247,0.9640288,0.819788,0.9746032,1,3,0.9387097,0.9681979,0.95,1.0357143
4,5,2,false,3,0,1.0727848,1.1413794,1.0329342,1.1451104,3,2,1.0337838,1.2072369,1.0100335,1.1638796,1,1,0.86419755,0.89928055,0.8056537,0.94920635,1,3,0.9354839,0.975265,0.93214285,1.038961
4,5,2,true,3,0,1.0379747,1.1034483,0.9550898,1.0757098,3,2,0.9189189,1.2631578,0.9464883,1.0869565,1,1,0.79012346,0.81294966,0.6784452,0.92698413,1,3,0.88387096,0.98233217,0.88214284,1.0811689
0,1,0,false,4,0,0.9688581,1.0034602,0.9774194,1.0100671,4,2,1.0,1.0099667,1.0103806,1.0330033,2,1,1.014337,1.0174825,1.012987,1.0142349,2,3,1.0210526,1.0220126,1.0160257,1.0213523
0,1,1,false,4,0,1.0622838,1.0795847,1.0935484,1.0671141,4,2,1.0599369,1.0332226,1.1211072,0.9933993,2,1,0.9569892,0.9965035,0.95454544,0.9964413,2,3,0.9368421,1.0220126,0.96794873,0.98932385
0,1,2,false,4,0,0.8927336,1.0173011,0.91612905,1.0134228,4,2,0.97791797,1.0166113,1.0103806,1.0330033,2,1,1.0250896,1.0,1.0324675,1.0071174,2,3,1.0140351,1.0062894,1.0,0.99288255
0,2,0,true,4,0,1.0034602,1.0588236,1.0354838,1.0536913,4,2,1.022082,1.0398672,1.048443,1.029703,2,1,1.0394266,0.986014,1.0357143,1.0106761,2,3,1.0210526,1.0220126,1.0160257,1.0177935
0,2,1,true,4,0,1.0865052,1.1349481,1.1225806,1.1174496,4,2,1.0851735,1.0631229,1.1557094,0.97029704,2,1,0.8996416,0.9965035,0.89285713,0.9822064,2,3,0.9017544,1.0283018,0.9423077,1.0035588
0,2,2,true,4,0,0.79238755,0.93079585,0.78064513,0.95637584,4,2,0.9179811,1.0332226,0.88235295,1.1848185,2,1,1.0071684,0.9370629,1.0097402,1.0142349,2,3,1.0596491,0.9874214,1.0224359,1.0071174
0,3,1,false,4,0,1.0588236,1.1453288,1.1129032,1.1107383,4,2,1.0504732,1.0664452,1.117647,1.0,2,1,0.9605735,0.9685315,0.9577922,1.0035588,2,3,0.9403509,1.009434,0.9583333,1.0
0,3,1,true,4,0,1.0899653,1.117647,1.132258,1.1073825,4,2,1.066246,1.0664452,1.1418685,0.9867987,2,1,0.9247312,0.9895105,0.9285714,0.98932385,2,3,0.9368421,1.0377358,0.97115386,1.0071174
0,4,0,false,4,0,0.9515571,1.0795847,1.0193548,1.0604026,4,2,1.0063092,1.0265781,1.048443,0.98349833,2,1,1.0681003,0.9755245,1.0454545,1.024911,2,3,1.0140351,1.0408806,1.0096154,1.0427046
0,4,0,true,4,0,0.9273356,1.0415225,0.983871,1.0302013,4,2,0.9873817,1.0332226,1.0138408,1.029703,2,1,1.0358423,0.94755244,1.0324675,1.0,2,3,1.0175439,0.9937107,1.0064102,1.0071174
0,5,2,false,4,0,0.9273356,1.1038063,0.9870968,1.0671141,4,2,0.9873817,1.0598006,1.0,1.0825082,2,1,1.046595,0.96503496,1.0422078,1.0142349,2,3,1.0140351,1.0157232,1.0,1.0106761
0,5,2,true,4,0,0.84775084,1.034602,0.9,1.02349,4,2,0.95268136,1.0498339,0.9480969,1.089109,2,1,1.0215054,0.9300699,1.025974,1.0106761,2,3,1.0385965,0.990566,1.0032052,1.0
1,1,0,false,4,0,0.9757785,1.1384083,1.0548387,1.0939597,4,2,1.0063092,1.0332226,1.0380623,0.9570957,2,1,1.0430107,0.9685315,1.0357143,1.0106761,2,3,1.0035088,1.0314466,0.9967949,1.024911
1,1,1,false,4,0,1.0069205,1.1349481,1.0774194,1.0939597,4,2,1.0157728,1.0398672,1.0588236,0.96039605,2,1,1.032258,0.9755245,1.0162338,0.99288255,2,3,1.0491228,1.0314466,1.0224359,1.024911
1,1,2,false,4,0,0.9411765,1.0657439,0.9483871,1.0469799,4,2,0.97791797,1.0332226,0.9653979,1.029703,2,1,1.0896057,0.951049,1.1363636,1.0213523,2,3,1.0666667,1.0849056,1.0288461,1.064057
1,2,0,true,4,0,0.97231835,1.117647,1.032258,1.0771812,4,2,1.0094637,1.0465117,1.0380623,0.9768977,2,1,1.1075269,0.9230769,1.1071428,0.9964413,2,3,1.0491228,1.0125786,1.0224359,1.0213523
1,2,1,true,4,0,1.0449827,1.1522491,1.132258,1.114094,4,2,1.022082,1.0963455,1.0588236,1.0165017,2,1,1.046595,0.96503496,1.0357143,1.0,2,3,1.0421053,1.0251572,1.0096154,1.0106761
1,2,2,true,4,0,1.0103806,1.100346,1.016129,1.0704699,4,2,0.9968454,1.0531561,1.0311419,0.9867987,2,1,1.1756272,0.9230769,1.1623377,1.0320284,2,3,1.0736842,1.0786164,1.0064102,1.0427046
1,3,1,false,4,0,0.982699,1.100346,1.0548387,1.0704699,4,2,1.0094637,1.0365448,1.0519031,0.96369636,2,1,1.0537634,0.96153843,1.0324675,1.0035588,2,3,1.0631579,1.0220126,1.0224359,0.9964413
1,3,1,true,4,0,1.0207613,1.1107266,1.1,1.0872483,4,2,1.0189275,1.0598006,1.0588236,0.97029704,2,1,1.0716846,0.97902095,1.0292208,1.0035588,2,3,1.0631579,1.009434,1.0320513,0.9786477
1,4,0,false,4,0,1.0034602,1.1141869,1.0580645,1.0838926,4,2,1.022082,1.0564784,1.0588236,0.9768977,2,1,1.0537634,0.9440559,1.0487013,1.024911,2,3,1.0210526,1.0283018,1.0,1.0106761
1,4,0,true,4,0,1.0207613,1.1072664,1.0548387,1.0838926,4,2,1.022082,1.0664452,1.0553633,0.980198,2,1,1.1362007,0.92657346,1.1201298,1.0106761,2,3,1.0631579,1.0157232,1.0224359,1.0035588
1,5,2,false,4,0,0.9619377,1.0657439,0.9645161,1.0402684,4,2,0.98107255,1.0431894,0.9757785,1.029703,2,1,1.0681003,0.95454544,1.0974026,1.024911,2,3,1.0561403,1.062893,1.0160257,1.0533807
1,5,2,true,4,0,1.0,1.0692042,0.9806452,1.0369128,4,2,0.96529967,1.0299003,0.9688581,1.009901,2,1,1.125448,0.94755244,1.1623377,1.0213523,2,3,1.1052631,1.0974842,1.0352564,1.0498221
2,1,0,false,4,0,1.0069205,1.1038063,1.0516129,1.057047,4,2,1.0094637,1.0332226,1.0553633,0.95049506,2,1,1.0250896,0.95454544,1.0324675,1.0071174,2,3,1.0,1.0314466,0.9807692,0.97508895
2,1,1,false,4,0,0.98615915,1.0415225,1.0064516,1.02349,4,2,0.97791797,1.0199336,1.0034602,0.9537954,2,1,1.1433692,0.9020979,1.2045455,1.0,2,3,1.0912281,1.0566038,1.0160257,0.99288255
2,1,2,false,4,0,0.9965398,1.0242214,0.9967742,1.0067114,4,2,1.0126183,0.9900332,1.0380623,0.9537954,2,1,1.2222222,1.0699301,1.1850649,1.0854093,2,3,1.0631579,1.1132076,1.0192307,1.0355872
2,2,0,true,4,0,1.048443,0.8719723,1.0225806,0.9228188,4,2,1.0410094,0.9003322,1.0588236,0.89768976,2,1,1.2365592,1.1433567,1.1948051,1.1245551,2,3,1.0561403,1.1132076,1.0224359,1.0320284
2,2,1,true,4,0,1.1038063,0.9134948,1.0451612,0.9228188,4,2,0.9905363,0.910299,1.0069205,0.9240924,2,1,1.1362007,0.84615386,1.2142857,1.0355872,2,3,1.0526316,1.1069182,1.0064102,1.0
2,2,2,true,4,0,1.0138408,0.7647059,0.9387097,0.8422819,4,2,1.0283911,0.7873754,1.0415225,0.85148513,2,1,1.125448,1.062937,1.1493506,1.0747331,2,3,1.0491228,1.1477988,1.0160257,1.0533807
2,3,1,false,4,0,1.034602,0.92387545,0.9774194,0.94630873,4,2,0.95583594,0.9435216,0.9688581,0.9438944,2,1,1.1433692,0.8741259,1.25,0.9786477,2,3,1.1052631,1.0754716,1.0224359,1.0106761
2,3,1,true,4,0,1.0588236,0.9031142,1.0,0.9328859,4,2,0.9589905,0.9269103,0.9550173,0.9405941,2,1,1.3369175,0.9125874,1.3376623,1.13879,2,3,1.1192982,1.1352202,1.0256411,1.0071174
2,4,0,false,4,0,1.0795847,1.0276817,1.067742,1.0134228,4,2,0.9968454,0.99335545,1.0069205,0.9537954,2,1,1.0645162,0.93356645,1.0746753,1.0177935,2,3,1.0175439,1.0660378,0.99358976,1.0071174
2,4,0,true,4,0,1.0795847,0.899654,1.067742,0.9395973,4,2,1.0189275,0.91694355,1.0311419,0.9240924,2,1,1.218638,1.1818181,1.1883117,1.1281139,2,3,1.0491228,1.1289308,1.0160257,1.0320284
2,5,2,false,4,0,1.100346,0.9515571,1.0612903,0.97651005,4,2,0.9905363,0.9700997,0.9688581,0.980198,2,1,1.1003584,1.006993,1.1136364,1.0284698,2,3,1.0315789,1.1132076,1.0064102,1.0355872
2,5,2,true,4,0,0.97231835,0.84083045,0.92580646,0.87583894,4,2,0.9905363,0.8704319,1.0,0.8712871,2,1,1.078853,1.006993,1.1233766,1.0462633,2,3,1.0350877,1.0943396,1.0064102,1.0355872
3,1,0,false,4,0,0.9965398,1.034602,1.0096774,1.0134228,4,2,0.98107255,1.0099667,0.9965398,0.9669967,2,1,1.0358423,0.9370629,1.0551949,1.0142349,2,3,1.0105263,1.0440252,0.98717946,1.0284698
3,1,1,false,4,0,0.93771625,0.78546715,0.88064516,0.86577183,4,2,0.9589905,0.89700997,0.9757785,0.9108911,2,1,1.2043011,1.1678321,1.2175325,1.177936,2,3,1.0701754,1.1509434,1.0288461,1.0498221
3,1,2,false,4,0,0.9204152,0.7889273,0.82903224,0.84563756,4,2,0.9905363,0.8372093,1.0207613,0.8481848,2,1,1.032258,0.8951049,1.1201298,1.0106761,2,3,1.045614,1.0974842,1.0032052,1.0569395
3,2,0,true,4,0,0.9134948,0.9031142,0.88709676,0.9228188,4,2,0.9842271,0.95681065,0.9757785,0.9339934,2,1,1.1469535,0.8951049,1.1558442,1.0071174,2,3,1.0596491,1.0408806,1.0128205,1.0320284
3,2,1,true,4,0,1.2283736,0.75086504,1.1,0.8691275,4,2,0.96845424,0.90365446,0.9342561,0.9438944,2,1,1.0609319,1.2972028,1.0974026,1.177936,2,3,1.0175439,1.154088,0.99358976,0.9679715
3,2,2,true,4,0,0.9688581,0.74394464,0.92580646,0.8389262,4,2,0.9747634,0.8803987,0.97923875,0.8811881,2,1,1.0035843,0.96153843,1.0876623,1.0071174,2,3,1.0350877,1.0597484,0.9967949,1.0
3,3,1,false,4,0,1.083045,0.816609,1.0387096,0.909396,4,2,0.9873817,0.9368771,0.9930796,0.9141914,2,1,1.218638,1.2657343,1.2077922,1.1921709,2,3,1.0526316,1.1415094,1.0128205,0.98932385
3,3,1,true,4,0,1.2387543,0.7716263,1.116129,0.89597315,4,2,0.98107255,0.91362125,0.97923875,0.90759075,2,1,1.0215054,1.3566433,1.1201298,1.2313167,2,3,1.045614,1.163522,1.0128205,0.9786477
3,4,0,false,4,0,1.0761245,0.9480969,1.067742,0.97315437,4,2,0.9842271,0.98671097,1.0034602,0.9438944,2,1,1.0681003,0.993007,1.0681819,1.0320284,2,3,1.0280702,1.0440252,0.9967949,0.98932385
3,4,0,true,4,0,0.9031142,0.816609,0.89354837,0.87583894,4,2,0.9905363,0.90697676,1.0034602,0.8877888,2,1,1.1003584,0.9195804,1.1136364,1.0142349,2,3,1.0491228,1.0377358,1.0032052,1.0071174
3,5,2,false,4,0,0.9653979,0.80968857,0.88064516,0.8624161,4,2,0.96845424,0.88372093,0.9930796,0.8778878,2,1,1.0071684,0.9055944,1.0714285,1.0071174,2,3,1.0280702,1.081761,0.98397434,1.0427046
3,5,2,true,4,0,0.7820069,0.7474049,0.7774193,0.81543624,4,2,0.9589905,0.8604651,0.9930796,0.82838285,2,1,1.0358423,0.993007,1.1038961,1.024911,2,3,1.0385965,1.0597484,0.9967949,1.0177935
4,1,0,false,4,0,0.9619377,0.9411765,0.9741936,0.9597315,4,2,0.95268136,0.98671097,0.9688581,0.9471947,2,1,1.0537634,0.9370629,1.0551949,1.0284698,2,3,1.0175439,1.0503144,0.98717946,1.0142349
4,1,1,false,4,0,0.8858132,0.9480969,1.0,0.95637584,4,2,0.9968454,0.9202658,0.9896194,0.90759075,2,1,1.0215054,0.95454544,1.0292208,1.0106761,2,3,1.0,1.0062894,0.974359,1.0213523
4,1,2,false,4,0,1.2456747,0.9031142,1.0,0.9127517,4,2,0.9589905,0.9601329,1.0242214,0.82838285,2,1,0.9390681,0.951049,1.0032468,1.0711744,2,3,1.0175439,1.091195,0.98717946,1.0213523
4,2,0,true,4,0,1.0069205,0.92387545,1.0193548,0.9597315,4,2,0.9716088,0.99335545,0.98615915,0.9372937,2,1,1.0358423,1.0174825,1.0422078,1.0355872,2,3,1.0035088,1.0345912,0.9775641,1.0284698
4,2,1,true,4,0,0.6851211,1.1487889,0.9677419,1.0469799,4,2,0.9747634,1.0332226,0.9653979,0.990099,2,1,1.0107527,0.9965035,1.0162338,1.0142349,2,3,1.0035088,0.990566,0.9775641,1.0
4,2,2,true,4,0,1.0622838,0.6747405,0.91612905,0.8422819,4,2,0.95268136,0.9202658,0.98615915,0.90429044,2,1,0.9211469,1.1293706,0.9967533,1.1850533,2,3,1.0105263,1.172956,0.98717946,1.024911
4,3,1,false,4,0,0.9757785,0.92387545,1.0548387,0.95302016,4,2,1.0063092,0.92358804,0.982699,0.95049506,2,1,0.9964158,0.993007,1.0032468,1.0,2,3,0.98245615,0.990566,0.96153843,1.0
4,3,1,true,4,0,0.7058824,1.1038063,0.97096777,1.0201342,4,2,0.98107255,1.0099667,0.97923875,0.9966997,2,1,1.0,0.9755245,1.0097402,1.0035588,2,3,1.0,0.9937107,0.9775641,0.99288255
4,4,0,false,4,0,0.97923875,0.9896194,1.0258064,0.9899329,4,2,0.96529967,1.0232558,0.9965398,0.980198,2,1,1.0250896,0.94755244,1.025974,1.0071174,2,3,1.0105263,1.009434,0.974359,0.97153026
4,4,0,true,4,0,1.0899653,0.8512111,1.0612903,0.94630873,4,2,0.9842271,1.0033222,0.982699,1.0132014,2,1,0.9175627,1.1993006,0.96428573,1.1174377,2,3,1.0,1.0691824,0.974359,1.0177935
4,5,2,false,4,0,1.2871972,0.92387545,1.0354838,0.9228188,4,2,0.9621451,0.95681065,1.034602,0.8250825,2,1,0.87096775,0.97902095,0.9285714,1.0462633,2,3,0.99298245,1.0597484,0.9583333,1.0106761
4,5,2,true,4,0,1.1868513,0.816609,1.1354839,0.9194631,4,2,1.0283911,1.0498339,1.0173011,1.1155115,2,1,0.8817204,1.1748252,0.91883117,1.0889679,2,3,0.9614035,1.1257862,0.96153843,0.99288255
